[{"model": "admin.logentry", "pk": 1, "fields": {"action_time": "2023-04-28T14:35:06.242Z", "user": 1, "content_type": 11, "object_id": "1", "object_repr": "Desktop Components", "action_flag": 1, "change_message": "[{\"added\": {}}]"}}, {"model": "admin.logentry", "pk": 2, "fields": {"action_time": "2023-04-28T14:35:15.344Z", "user": 1, "content_type": 11, "object_id": "2", "object_repr": "Laptops", "action_flag": 1, "change_message": "[{\"added\": {}}]"}}, {"model": "admin.logentry", "pk": 3, "fields": {"action_time": "2023-04-28T14:35:22.407Z", "user": 1, "content_type": 11, "object_id": "3", "object_repr": "Phones", "action_flag": 1, "change_message": "[{\"added\": {}}]"}}, {"model": "admin.logentry", "pk": 4, "fields": {"action_time": "2023-04-28T14:35:31.801Z", "user": 1, "content_type": 11, "object_id": "4", "object_repr": "Monitors", "action_flag": 1, "change_message": "[{\"added\": {}}]"}}, {"model": "admin.logentry", "pk": 5, "fields": {"action_time": "2023-04-28T14:35:41.227Z", "user": 1, "content_type": 11, "object_id": "5", "object_repr": "Printers", "action_flag": 1, "change_message": "[{\"added\": {}}]"}}, {"model": "admin.logentry", "pk": 6, "fields": {"action_time": "2023-04-28T14:35:49.056Z", "user": 1, "content_type": 11, "object_id": "6", "object_repr": "Cameras", "action_flag": 1, "change_message": "[{\"added\": {}}]"}}, {"model": "admin.logentry", "pk": 7, "fields": {"action_time": "2023-04-28T14:35:55.554Z", "user": 1, "content_type": 11, "object_id": "7", "object_repr": "Storages", "action_flag": 1, "change_message": "[{\"added\": {}}]"}}, {"model": "admin.logentry", "pk": 8, "fields": {"action_time": "2023-04-28T14:36:02.376Z", "user": 1, "content_type": 11, "object_id": "8", "object_repr": "Official Equipments", "action_flag": 1, "change_message": "[{\"added\": {}}]"}}, {"model": "admin.logentry", "pk": 9, "fields": {"action_time": "2023-04-28T14:36:09.078Z", "user": 1, "content_type": 11, "object_id": "9", "object_repr": "Accessories", "action_flag": 1, "change_message": "[{\"added\": {}}]"}}, {"model": "admin.logentry", "pk": 10, "fields": {"action_time": "2023-04-28T14:36:18.292Z", "user": 1, "content_type": 11, "object_id": "10", "object_repr": "Softwares", "action_flag": 1, "change_message": "[{\"added\": {}}]"}}, {"model": "admin.logentry", "pk": 11, "fields": {"action_time": "2023-04-28T14:38:57.948Z", "user": 1, "content_type": 10, "object_id": "1", "object_repr": "Processor__Desktop Components", "action_flag": 1, "change_message": "[{\"added\": {}}, {\"added\": {\"name\": \"sub_ category\", \"object\": \"Intel__Processor__Desktop Components\"}}, {\"added\": {\"name\": \"sub_ category\", \"object\": \"AMD Ryzen__Processor__Desktop Components\"}}]"}}, {"model": "admin.logentry", "pk": 12, "fields": {"action_time": "2023-04-28T14:40:35.992Z", "user": 1, "content_type": 10, "object_id": "2", "object_repr": "Motherboard__Desktop Components", "action_flag": 1, "change_message": "[{\"added\": {}}, {\"added\": {\"name\": \"sub_ category\", \"object\": \"Gigabyte__Motherboard__Desktop Components\"}}, {\"added\": {\"name\": \"sub_ category\", \"object\": \"MSI__Motherboard__Desktop Components\"}}, {\"added\": {\"name\": \"sub_ category\", \"object\": \"Asus__Motherboard__Desktop Components\"}}, {\"added\": {\"name\": \"sub_ category\", \"object\": \"Colorful__Motherboard__Desktop Components\"}}]"}}, {"model": "admin.logentry", "pk": 13, "fields": {"action_time": "2023-04-28T14:41:55.869Z", "user": 1, "content_type": 10, "object_id": "3", "object_repr": "Desktop Ram__Desktop Components", "action_flag": 1, "change_message": "[{\"added\": {}}, {\"added\": {\"name\": \"sub_ category\", \"object\": \"G.skill__Desktop Ram__Desktop Components\"}}, {\"added\": {\"name\": \"sub_ category\", \"object\": \"Corsair__Desktop Ram__Desktop Components\"}}, {\"added\": {\"name\": \"sub_ category\", \"object\": \"Kingston__Desktop Ram__Desktop Components\"}}, {\"added\": {\"name\": \"sub_ category\", \"object\": \"Adata__Desktop Ram__Desktop Components\"}}]"}}, {"model": "admin.logentry", "pk": 14, "fields": {"action_time": "2023-04-28T14:44:32.912Z", "user": 1, "content_type": 10, "object_id": "4", "object_repr": "Graphics Card__Desktop Components", "action_flag": 1, "change_message": "[{\"added\": {}}, {\"added\": {\"name\": \"sub_ category\", \"object\": \"Gigabyte__Graphics Card__Desktop Components\"}}, {\"added\": {\"name\": \"sub_ category\", \"object\": \"MSI__Graphics Card__Desktop Components\"}}, {\"added\": {\"name\": \"sub_ category\", \"object\": \"Asus__Graphics Card__Desktop Components\"}}, {\"added\": {\"name\": \"sub_ category\", \"object\": \"Zotac__Graphics Card__Desktop Components\"}}]"}}, {"model": "admin.logentry", "pk": 15, "fields": {"action_time": "2023-04-28T14:46:07.000Z", "user": 1, "content_type": 10, "object_id": "5", "object_repr": "Power Supply__Desktop Components", "action_flag": 1, "change_message": "[{\"added\": {}}, {\"added\": {\"name\": \"sub_ category\", \"object\": \"Cooler Master__Power Supply__Desktop Components\"}}, {\"added\": {\"name\": \"sub_ category\", \"object\": \"Antec__Power Supply__Desktop Components\"}}, {\"added\": {\"name\": \"sub_ category\", \"object\": \"Deepcool__Power Supply__Desktop Components\"}}, {\"added\": {\"name\": \"sub_ category\", \"object\": \"Corsair__Power Supply__Desktop Components\"}}]"}}, {"model": "admin.logentry", "pk": 16, "fields": {"action_time": "2023-04-28T14:47:16.120Z", "user": 1, "content_type": 10, "object_id": "6", "object_repr": "Casing__Desktop Components", "action_flag": 1, "change_message": "[{\"added\": {}}, {\"added\": {\"name\": \"sub_ category\", \"object\": \"Cooler Master__Casing__Desktop Components\"}}, {\"added\": {\"name\": \"sub_ category\", \"object\": \"Value Top__Casing__Desktop Components\"}}, {\"added\": {\"name\": \"sub_ category\", \"object\": \"Xtreme__Casing__Desktop Components\"}}]"}}, {"model": "admin.logentry", "pk": 17, "fields": {"action_time": "2023-04-28T14:49:36.669Z", "user": 1, "content_type": 10, "object_id": "7", "object_repr": "CPU Cooler__Desktop Components", "action_flag": 1, "change_message": "[{\"added\": {}}, {\"added\": {\"name\": \"sub_ category\", \"object\": \"Deepcool__CPU Cooler__Desktop Components\"}}, {\"added\": {\"name\": \"sub_ category\", \"object\": \"Value Top__CPU Cooler__Desktop Components\"}}, {\"added\": {\"name\": \"sub_ category\", \"object\": \"Antec__CPU Cooler__Desktop Components\"}}]"}}, {"model": "admin.logentry", "pk": 18, "fields": {"action_time": "2023-04-28T14:51:03.053Z", "user": 1, "content_type": 10, "object_id": "8", "object_repr": "Keyboard__Desktop Components", "action_flag": 1, "change_message": "[{\"added\": {}}, {\"added\": {\"name\": \"sub_ category\", \"object\": \"A4tech__Keyboard__Desktop Components\"}}, {\"added\": {\"name\": \"sub_ category\", \"object\": \"Logitech__Keyboard__Desktop Components\"}}, {\"added\": {\"name\": \"sub_ category\", \"object\": \"Razer__Keyboard__Desktop Components\"}}, {\"added\": {\"name\": \"sub_ category\", \"object\": \"Havit__Keyboard__Desktop Components\"}}]"}}, {"model": "admin.logentry", "pk": 19, "fields": {"action_time": "2023-04-28T14:52:22.731Z", "user": 1, "content_type": 10, "object_id": "9", "object_repr": "Mouse__Desktop Components", "action_flag": 1, "change_message": "[{\"added\": {}}, {\"added\": {\"name\": \"sub_ category\", \"object\": \"Razer__Mouse__Desktop Components\"}}, {\"added\": {\"name\": \"sub_ category\", \"object\": \"A4tech__Mouse__Desktop Components\"}}, {\"added\": {\"name\": \"sub_ category\", \"object\": \"Logitech__Mouse__Desktop Components\"}}, {\"added\": {\"name\": \"sub_ category\", \"object\": \"Corsair__Mouse__Desktop Components\"}}]"}}, {"model": "admin.logentry", "pk": 20, "fields": {"action_time": "2023-04-28T14:54:26.158Z", "user": 1, "content_type": 10, "object_id": "10", "object_repr": "Windows__Laptops", "action_flag": 1, "change_message": "[{\"added\": {}}, {\"added\": {\"name\": \"sub_ category\", \"object\": \"Hp__Windows__Laptops\"}}, {\"added\": {\"name\": \"sub_ category\", \"object\": \"Dell__Windows__Laptops\"}}, {\"added\": {\"name\": \"sub_ category\", \"object\": \"Acer__Windows__Laptops\"}}, {\"added\": {\"name\": \"sub_ category\", \"object\": \"Asus__Windows__Laptops\"}}]"}}, {"model": "admin.logentry", "pk": 21, "fields": {"action_time": "2023-04-28T14:54:44.410Z", "user": 1, "content_type": 10, "object_id": "11", "object_repr": "Mac__Laptops", "action_flag": 1, "change_message": "[{\"added\": {}}, {\"added\": {\"name\": \"sub_ category\", \"object\": \"Apple__Mac__Laptops\"}}]"}}, {"model": "admin.logentry", "pk": 22, "fields": {"action_time": "2023-04-28T14:59:12.987Z", "user": 1, "content_type": 10, "object_id": "12", "object_repr": "Android__Phones", "action_flag": 1, "change_message": "[{\"added\": {}}, {\"added\": {\"name\": \"sub_ category\", \"object\": \"Samsung__Android__Phones\"}}, {\"added\": {\"name\": \"sub_ category\", \"object\": \"Oppo__Android__Phones\"}}, {\"added\": {\"name\": \"sub_ category\", \"object\": \"OnePlus__Android__Phones\"}}, {\"added\": {\"name\": \"sub_ category\", \"object\": \"Google Pixel__Android__Phones\"}}]"}}, {"model": "admin.logentry", "pk": 23, "fields": {"action_time": "2023-04-28T15:00:40.129Z", "user": 1, "content_type": 10, "object_id": "13", "object_repr": "iOS__Phones", "action_flag": 1, "change_message": "[{\"added\": {}}, {\"added\": {\"name\": \"sub_ category\", \"object\": \"Apple__iOS__Phones\"}}]"}}, {"model": "admin.logentry", "pk": 24, "fields": {"action_time": "2023-04-28T15:03:54.025Z", "user": 1, "content_type": 10, "object_id": "14", "object_repr": "Professional__Monitors", "action_flag": 1, "change_message": "[{\"added\": {}}, {\"added\": {\"name\": \"sub_ category\", \"object\": \"Dell__Professional__Monitors\"}}, {\"added\": {\"name\": \"sub_ category\", \"object\": \"Hp__Professional__Monitors\"}}, {\"added\": {\"name\": \"sub_ category\", \"object\": \"Asus__Professional__Monitors\"}}]"}}, {"model": "admin.logentry", "pk": 25, "fields": {"action_time": "2023-04-28T15:05:33.843Z", "user": 1, "content_type": 10, "object_id": "15", "object_repr": "Gaming__Monitors", "action_flag": 1, "change_message": "[{\"added\": {}}, {\"added\": {\"name\": \"sub_ category\", \"object\": \"Asus__Gaming__Monitors\"}}, {\"added\": {\"name\": \"sub_ category\", \"object\": \"Benq__Gaming__Monitors\"}}, {\"added\": {\"name\": \"sub_ category\", \"object\": \"LG__Gaming__Monitors\"}}]"}}, {"model": "admin.logentry", "pk": 26, "fields": {"action_time": "2023-04-28T15:07:08.995Z", "user": 1, "content_type": 10, "object_id": "16", "object_repr": "Laser Printer__Printers", "action_flag": 1, "change_message": "[{\"added\": {}}, {\"added\": {\"name\": \"sub_ category\", \"object\": \"Hp__Laser Printer__Printers\"}}, {\"added\": {\"name\": \"sub_ category\", \"object\": \"Canon__Laser Printer__Printers\"}}, {\"added\": {\"name\": \"sub_ category\", \"object\": \"Brother__Laser Printer__Printers\"}}]"}}, {"model": "admin.logentry", "pk": 27, "fields": {"action_time": "2023-04-28T15:08:11.020Z", "user": 1, "content_type": 10, "object_id": "17", "object_repr": "Ink Tank Printer__Printers", "action_flag": 1, "change_message": "[{\"added\": {}}, {\"added\": {\"name\": \"sub_ category\", \"object\": \"Hp__Ink Tank Printer__Printers\"}}, {\"added\": {\"name\": \"sub_ category\", \"object\": \"Epson__Ink Tank Printer__Printers\"}}, {\"added\": {\"name\": \"sub_ category\", \"object\": \"Canon__Ink Tank Printer__Printers\"}}, {\"added\": {\"name\": \"sub_ category\", \"object\": \"Brother__Ink Tank Printer__Printers\"}}]"}}, {"model": "admin.logentry", "pk": 28, "fields": {"action_time": "2023-04-28T15:10:41.551Z", "user": 1, "content_type": 10, "object_id": "18", "object_repr": "DSLR__Cameras", "action_flag": 1, "change_message": "[{\"added\": {}}, {\"added\": {\"name\": \"sub_ category\", \"object\": \"Canon__DSLR__Cameras\"}}, {\"added\": {\"name\": \"sub_ category\", \"object\": \"Nikon__DSLR__Cameras\"}}, {\"added\": {\"name\": \"sub_ category\", \"object\": \"Sony__DSLR__Cameras\"}}]"}}, {"model": "admin.logentry", "pk": 29, "fields": {"action_time": "2023-04-28T15:12:40.646Z", "user": 1, "content_type": 10, "object_id": "19", "object_repr": "HDD__Storages", "action_flag": 1, "change_message": "[{\"added\": {}}, {\"added\": {\"name\": \"sub_ category\", \"object\": \"Western Digital__HDD__Storages\"}}, {\"added\": {\"name\": \"sub_ category\", \"object\": \"Toshiba__HDD__Storages\"}}, {\"added\": {\"name\": \"sub_ category\", \"object\": \"Seagate__HDD__Storages\"}}]"}}, {"model": "admin.logentry", "pk": 30, "fields": {"action_time": "2023-04-28T15:14:26.852Z", "user": 1, "content_type": 10, "object_id": "20", "object_repr": "SSD__Storages", "action_flag": 1, "change_message": "[{\"added\": {}}, {\"added\": {\"name\": \"sub_ category\", \"object\": \"Transcend__SSD__Storages\"}}, {\"added\": {\"name\": \"sub_ category\", \"object\": \"Samsung__SSD__Storages\"}}, {\"added\": {\"name\": \"sub_ category\", \"object\": \"Corsair__SSD__Storages\"}}]"}}, {"model": "admin.logentry", "pk": 31, "fields": {"action_time": "2023-04-28T15:15:44.318Z", "user": 1, "content_type": 10, "object_id": "21", "object_repr": "Photocopier__Official Equipments", "action_flag": 1, "change_message": "[{\"added\": {}}, {\"added\": {\"name\": \"sub_ category\", \"object\": \"Toshiba__Photocopier__Official Equipments\"}}, {\"added\": {\"name\": \"sub_ category\", \"object\": \"Canon__Photocopier__Official Equipments\"}}]"}}, {"model": "admin.logentry", "pk": 32, "fields": {"action_time": "2023-04-28T15:16:27.169Z", "user": 1, "content_type": 10, "object_id": "22", "object_repr": "Scanner__Official Equipments", "action_flag": 1, "change_message": "[{\"added\": {}}]"}}, {"model": "admin.logentry", "pk": 33, "fields": {"action_time": "2023-04-28T15:16:53.025Z", "user": 1, "content_type": 10, "object_id": "23", "object_repr": "Projector__Official Equipments", "action_flag": 1, "change_message": "[{\"added\": {}}]"}}, {"model": "admin.logentry", "pk": 34, "fields": {"action_time": "2023-04-28T15:44:50.910Z", "user": 1, "content_type": 12, "object_id": "1", "object_repr": "Top Deals Of The Day", "action_flag": 1, "change_message": "[{\"added\": {}}]"}}, {"model": "admin.logentry", "pk": 35, "fields": {"action_time": "2023-04-28T15:44:58.037Z", "user": 1, "content_type": 12, "object_id": "2", "object_repr": "Top Selling Products", "action_flag": 1, "change_message": "[{\"added\": {}}]"}}, {"model": "admin.logentry", "pk": 36, "fields": {"action_time": "2023-04-28T15:45:06.107Z", "user": 1, "content_type": 12, "object_id": "3", "object_repr": "Top Featured Products", "action_flag": 1, "change_message": "[{\"added\": {}}]"}}, {"model": "admin.logentry", "pk": 37, "fields": {"action_time": "2023-04-28T15:45:17.186Z", "user": 1, "content_type": 12, "object_id": "4", "object_repr": "Recommended For You", "action_flag": 1, "change_message": "[{\"added\": {}}]"}}, {"model": "admin.logentry", "pk": 38, "fields": {"action_time": "2023-04-28T15:45:35.401Z", "user": 1, "content_type": 12, "object_id": "5", "object_repr": "Regular Product", "action_flag": 1, "change_message": "[{\"added\": {}}]"}}, {"model": "admin.logentry", "pk": 39, "fields": {"action_time": "2023-04-28T16:03:23.346Z", "user": 1, "content_type": 14, "object_id": "1", "object_repr": "Intel 13th Gen Raptor Lake Core i3 13100 Processor", "action_flag": 1, "change_message": "[{\"added\": {}}, {\"added\": {\"name\": \"product_ images\", \"object\": \"Product_Images object (1)\"}}, {\"added\": {\"name\": \"product_ images\", \"object\": \"Product_Images object (2)\"}}, {\"added\": {\"name\": \"product_ images\", \"object\": \"Product_Images object (3)\"}}, {\"added\": {\"name\": \"additional_ information\", \"object\": \"Additional_Information object (1)\"}}, {\"added\": {\"name\": \"additional_ information\", \"object\": \"Additional_Information object (2)\"}}, {\"added\": {\"name\": \"additional_ information\", \"object\": \"Additional_Information object (3)\"}}, {\"added\": {\"name\": \"additional_ information\", \"object\": \"Additional_Information object (4)\"}}, {\"added\": {\"name\": \"additional_ information\", \"object\": \"Additional_Information object (5)\"}}, {\"added\": {\"name\": \"additional_ information\", \"object\": \"Additional_Information object (6)\"}}, {\"added\": {\"name\": \"additional_ information\", \"object\": \"Additional_Information object (7)\"}}]"}}, {"model": "admin.logentry", "pk": 40, "fields": {"action_time": "2023-04-28T17:57:29.946Z", "user": 1, "content_type": 6, "object_id": "2", "object_repr": "nolyvobeku@mailinator.com", "action_flag": 3, "change_message": ""}}, {"model": "admin.logentry", "pk": 41, "fields": {"action_time": "2023-04-28T17:57:34.915Z", "user": 1, "content_type": 6, "object_id": "3", "object_repr": "rakib1515hassan@gmail.com", "action_flag": 3, "change_message": ""}}, {"model": "admin.logentry", "pk": 42, "fields": {"action_time": "2023-04-28T18:15:52.567Z", "user": 1, "content_type": 6, "object_id": "5", "object_repr": "hasan25-090@diu.edu.bd", "action_flag": 3, "change_message": ""}}, {"model": "admin.logentry", "pk": 43, "fields": {"action_time": "2023-04-29T07:40:07.707Z", "user": 1, "content_type": 14, "object_id": "2", "object_repr": "Intel 13th Gen Raptor Lake Core i5 13600KF 3.50GHz-5.10GHz LGA1700 Socket Processor", "action_flag": 1, "change_message": "[{\"added\": {}}, {\"added\": {\"name\": \"product_ images\", \"object\": \"Product_Images object (4)\"}}, {\"added\": {\"name\": \"product_ images\", \"object\": \"Product_Images object (5)\"}}, {\"added\": {\"name\": \"product_ images\", \"object\": \"Product_Images object (6)\"}}, {\"added\": {\"name\": \"additional_ information\", \"object\": \"Additional_Information object (8)\"}}, {\"added\": {\"name\": \"additional_ information\", \"object\": \"Additional_Information object (9)\"}}, {\"added\": {\"name\": \"additional_ information\", \"object\": \"Additional_Information object (10)\"}}, {\"added\": {\"name\": \"additional_ information\", \"object\": \"Additional_Information object (11)\"}}, {\"added\": {\"name\": \"additional_ information\", \"object\": \"Additional_Information object (12)\"}}, {\"added\": {\"name\": \"additional_ information\", \"object\": \"Additional_Information object (13)\"}}, {\"added\": {\"name\": \"additional_ information\", \"object\": \"Additional_Information object (14)\"}}, {\"added\": {\"name\": \"additional_ information\", \"object\": \"Additional_Information object (15)\"}}]"}}, {"model": "admin.logentry", "pk": 44, "fields": {"action_time": "2023-04-29T07:44:58.763Z", "user": 1, "content_type": 14, "object_id": "3", "object_repr": "Intel 13th Gen Raptor Lake Core i7 13700K 3.40GHz-5.40GHz LGA1700 Socket Processor (Bundle with PC)", "action_flag": 1, "change_message": "[{\"added\": {}}, {\"added\": {\"name\": \"product_ images\", \"object\": \"Product_Images object (7)\"}}, {\"added\": {\"name\": \"product_ images\", \"object\": \"Product_Images object (8)\"}}, {\"added\": {\"name\": \"product_ images\", \"object\": \"Product_Images object (9)\"}}, {\"added\": {\"name\": \"additional_ information\", \"object\": \"Additional_Information object (16)\"}}, {\"added\": {\"name\": \"additional_ information\", \"object\": \"Additional_Information object (17)\"}}, {\"added\": {\"name\": \"additional_ information\", \"object\": \"Additional_Information object (18)\"}}, {\"added\": {\"name\": \"additional_ information\", \"object\": \"Additional_Information object (19)\"}}, {\"added\": {\"name\": \"additional_ information\", \"object\": \"Additional_Information object (20)\"}}, {\"added\": {\"name\": \"additional_ information\", \"object\": \"Additional_Information object (21)\"}}, {\"added\": {\"name\": \"additional_ information\", \"object\": \"Additional_Information object (22)\"}}, {\"added\": {\"name\": \"additional_ information\", \"object\": \"Additional_Information object (23)\"}}]"}}, {"model": "admin.logentry", "pk": 45, "fields": {"action_time": "2023-04-29T08:05:45.853Z", "user": 1, "content_type": 14, "object_id": "2", "object_repr": "Intel 13th Gen Raptor Lake Core i5 13600KF 3.50GHz-5.10GHz LGA1700 Socket Processor", "action_flag": 2, "change_message": "[{\"changed\": {\"fields\": [\"Image\"]}}, {\"changed\": {\"name\": \"product_ images\", \"object\": \"Product_Images object (4)\", \"fields\": [\"Image url\"]}}, {\"changed\": {\"name\": \"product_ images\", \"object\": \"Product_Images object (5)\", \"fields\": [\"Image url\"]}}, {\"changed\": {\"name\": \"product_ images\", \"object\": \"Product_Images object (6)\", \"fields\": [\"Image url\"]}}]"}}, {"model": "admin.logentry", "pk": 46, "fields": {"action_time": "2023-04-29T08:17:00.966Z", "user": 1, "content_type": 14, "object_id": "4", "object_repr": "AMD Ryzen 9 7950X 4.5GHz-5.7GHz AM5 Socket Processor", "action_flag": 1, "change_message": "[{\"added\": {}}, {\"added\": {\"name\": \"product_ images\", \"object\": \"Product_Images object (10)\"}}, {\"added\": {\"name\": \"product_ images\", \"object\": \"Product_Images object (11)\"}}, {\"added\": {\"name\": \"product_ images\", \"object\": \"Product_Images object (12)\"}}, {\"added\": {\"name\": \"additional_ information\", \"object\": \"Additional_Information object (24)\"}}, {\"added\": {\"name\": \"additional_ information\", \"object\": \"Additional_Information object (25)\"}}, {\"added\": {\"name\": \"additional_ information\", \"object\": \"Additional_Information object (26)\"}}, {\"added\": {\"name\": \"additional_ information\", \"object\": \"Additional_Information object (27)\"}}, {\"added\": {\"name\": \"additional_ information\", \"object\": \"Additional_Information object (28)\"}}, {\"added\": {\"name\": \"additional_ information\", \"object\": \"Additional_Information object (29)\"}}, {\"added\": {\"name\": \"additional_ information\", \"object\": \"Additional_Information object (30)\"}}, {\"added\": {\"name\": \"additional_ information\", \"object\": \"Additional_Information object (31)\"}}]"}}, {"model": "admin.logentry", "pk": 47, "fields": {"action_time": "2023-04-29T08:17:01.612Z", "user": 1, "content_type": 14, "object_id": "5", "object_repr": "AMD Ryzen 9 7950X 4.5GHz-5.7GHz AM5 Socket Processor", "action_flag": 1, "change_message": "[{\"added\": {}}, {\"added\": {\"name\": \"product_ images\", \"object\": \"Product_Images object (13)\"}}, {\"added\": {\"name\": \"product_ images\", \"object\": \"Product_Images object (14)\"}}, {\"added\": {\"name\": \"product_ images\", \"object\": \"Product_Images object (15)\"}}, {\"added\": {\"name\": \"additional_ information\", \"object\": \"Additional_Information object (32)\"}}, {\"added\": {\"name\": \"additional_ information\", \"object\": \"Additional_Information object (33)\"}}, {\"added\": {\"name\": \"additional_ information\", \"object\": \"Additional_Information object (34)\"}}, {\"added\": {\"name\": \"additional_ information\", \"object\": \"Additional_Information object (35)\"}}, {\"added\": {\"name\": \"additional_ information\", \"object\": \"Additional_Information object (36)\"}}, {\"added\": {\"name\": \"additional_ information\", \"object\": \"Additional_Information object (37)\"}}, {\"added\": {\"name\": \"additional_ information\", \"object\": \"Additional_Information object (38)\"}}, {\"added\": {\"name\": \"additional_ information\", \"object\": \"Additional_Information object (39)\"}}]"}}, {"model": "admin.logentry", "pk": 48, "fields": {"action_time": "2023-04-29T08:19:00.035Z", "user": 1, "content_type": 14, "object_id": "4", "object_repr": "AMD Ryzen 9 7950X 4.5GHz-5.7GHz AM5 Socket Processor", "action_flag": 3, "change_message": ""}}, {"model": "admin.logentry", "pk": 49, "fields": {"action_time": "2023-04-29T08:22:14.927Z", "user": 1, "content_type": 12, "object_id": "1", "object_repr": "Top Deals Of The Day", "action_flag": 2, "change_message": "[]"}}, {"model": "admin.logentry", "pk": 50, "fields": {"action_time": "2023-04-29T08:22:26.589Z", "user": 1, "content_type": 12, "object_id": "2", "object_repr": "Top Selling Products", "action_flag": 2, "change_message": "[]"}}, {"model": "admin.logentry", "pk": 51, "fields": {"action_time": "2023-04-29T08:22:46.955Z", "user": 1, "content_type": 12, "object_id": "4", "object_repr": "Recommended For You", "action_flag": 2, "change_message": "[]"}}, {"model": "admin.logentry", "pk": 52, "fields": {"action_time": "2023-04-29T08:30:40.765Z", "user": 1, "content_type": 14, "object_id": "6", "object_repr": "Gigabyte Z590 UD DDR4 Intel Motherboard", "action_flag": 1, "change_message": "[{\"added\": {}}, {\"added\": {\"name\": \"product_ images\", \"object\": \"Product_Images object (16)\"}}, {\"added\": {\"name\": \"product_ images\", \"object\": \"Product_Images object (17)\"}}, {\"added\": {\"name\": \"product_ images\", \"object\": \"Product_Images object (18)\"}}, {\"added\": {\"name\": \"additional_ information\", \"object\": \"Additional_Information object (40)\"}}, {\"added\": {\"name\": \"additional_ information\", \"object\": \"Additional_Information object (41)\"}}, {\"added\": {\"name\": \"additional_ information\", \"object\": \"Additional_Information object (42)\"}}, {\"added\": {\"name\": \"additional_ information\", \"object\": \"Additional_Information object (43)\"}}, {\"added\": {\"name\": \"additional_ information\", \"object\": \"Additional_Information object (44)\"}}, {\"added\": {\"name\": \"additional_ information\", \"object\": \"Additional_Information object (45)\"}}, {\"added\": {\"name\": \"additional_ information\", \"object\": \"Additional_Information object (46)\"}}]"}}, {"model": "admin.logentry", "pk": 53, "fields": {"action_time": "2023-04-29T08:36:04.064Z", "user": 1, "content_type": 14, "object_id": "7", "object_repr": "G.Skill Trident Z Royal 16GB DDR4 3200MHz Desktop RAM", "action_flag": 1, "change_message": "[{\"added\": {}}, {\"added\": {\"name\": \"product_ images\", \"object\": \"Product_Images object (19)\"}}, {\"added\": {\"name\": \"product_ images\", \"object\": \"Product_Images object (20)\"}}, {\"added\": {\"name\": \"additional_ information\", \"object\": \"Additional_Information object (47)\"}}, {\"added\": {\"name\": \"additional_ information\", \"object\": \"Additional_Information object (48)\"}}, {\"added\": {\"name\": \"additional_ information\", \"object\": \"Additional_Information object (49)\"}}, {\"added\": {\"name\": \"additional_ information\", \"object\": \"Additional_Information object (50)\"}}, {\"added\": {\"name\": \"additional_ information\", \"object\": \"Additional_Information object (51)\"}}, {\"added\": {\"name\": \"additional_ information\", \"object\": \"Additional_Information object (52)\"}}]"}}, {"model": "admin.logentry", "pk": 54, "fields": {"action_time": "2023-04-29T14:30:49.562Z", "user": 1, "content_type": 14, "object_id": "8", "object_repr": "Gigabyte GA-H81M-S2PH DDR3 Motherboard", "action_flag": 1, "change_message": "[{\"added\": {}}, {\"added\": {\"name\": \"product_ images\", \"object\": \"Product_Images object (21)\"}}, {\"added\": {\"name\": \"product_ images\", \"object\": \"Product_Images object (22)\"}}, {\"added\": {\"name\": \"product_ images\", \"object\": \"Product_Images object (23)\"}}, {\"added\": {\"name\": \"additional_ information\", \"object\": \"Additional_Information object (53)\"}}, {\"added\": {\"name\": \"additional_ information\", \"object\": \"Additional_Information object (54)\"}}, {\"added\": {\"name\": \"additional_ information\", \"object\": \"Additional_Information object (55)\"}}, {\"added\": {\"name\": \"additional_ information\", \"object\": \"Additional_Information object (56)\"}}]"}}, {"model": "admin.logentry", "pk": 55, "fields": {"action_time": "2023-04-29T14:41:55.290Z", "user": 1, "content_type": 14, "object_id": "9", "object_repr": "MSI B450 Gaming Plus MAX AMD Motherboard", "action_flag": 1, "change_message": "[{\"added\": {}}, {\"added\": {\"name\": \"product_ images\", \"object\": \"Product_Images object (24)\"}}, {\"added\": {\"name\": \"product_ images\", \"object\": \"Product_Images object (25)\"}}, {\"added\": {\"name\": \"product_ images\", \"object\": \"Product_Images object (26)\"}}, {\"added\": {\"name\": \"additional_ information\", \"object\": \"Additional_Information object (57)\"}}, {\"added\": {\"name\": \"additional_ information\", \"object\": \"Additional_Information object (58)\"}}, {\"added\": {\"name\": \"additional_ information\", \"object\": \"Additional_Information object (59)\"}}, {\"added\": {\"name\": \"additional_ information\", \"object\": \"Additional_Information object (60)\"}}]"}}, {"model": "admin.logentry", "pk": 56, "fields": {"action_time": "2023-04-29T14:49:21.186Z", "user": 1, "content_type": 14, "object_id": "10", "object_repr": "Asus TUF GAMING B760M-PLUS D4 (Wi-Fi 6) DDR4 Intel Motherboard", "action_flag": 1, "change_message": "[{\"added\": {}}, {\"added\": {\"name\": \"product_ images\", \"object\": \"Product_Images object (27)\"}}, {\"added\": {\"name\": \"product_ images\", \"object\": \"Product_Images object (28)\"}}, {\"added\": {\"name\": \"product_ images\", \"object\": \"Product_Images object (29)\"}}, {\"added\": {\"name\": \"additional_ information\", \"object\": \"Additional_Information object (61)\"}}, {\"added\": {\"name\": \"additional_ information\", \"object\": \"Additional_Information object (62)\"}}, {\"added\": {\"name\": \"additional_ information\", \"object\": \"Additional_Information object (63)\"}}, {\"added\": {\"name\": \"additional_ information\", \"object\": \"Additional_Information object (64)\"}}]"}}, {"model": "admin.logentry", "pk": 57, "fields": {"action_time": "2023-04-29T15:04:07.763Z", "user": 1, "content_type": 14, "object_id": "11", "object_repr": "Corsair Vengeance RGB RS 8GB DDR4 3200MHz Black Heatsink Desktop", "action_flag": 1, "change_message": "[{\"added\": {}}, {\"added\": {\"name\": \"product_ images\", \"object\": \"Product_Images object (30)\"}}, {\"added\": {\"name\": \"product_ images\", \"object\": \"Product_Images object (31)\"}}, {\"added\": {\"name\": \"product_ images\", \"object\": \"Product_Images object (32)\"}}, {\"added\": {\"name\": \"additional_ information\", \"object\": \"Additional_Information object (65)\"}}, {\"added\": {\"name\": \"additional_ information\", \"object\": \"Additional_Information object (66)\"}}, {\"added\": {\"name\": \"additional_ information\", \"object\": \"Additional_Information object (67)\"}}, {\"added\": {\"name\": \"additional_ information\", \"object\": \"Additional_Information object (68)\"}}, {\"added\": {\"name\": \"additional_ information\", \"object\": \"Additional_Information object (69)\"}}]"}}, {"model": "admin.logentry", "pk": 58, "fields": {"action_time": "2023-04-29T15:06:57.795Z", "user": 1, "content_type": 14, "object_id": "12", "object_repr": "Kingston FURY Beast 8GB DDR4 3200MHz Desktop RAM #KF432C16BB/8", "action_flag": 1, "change_message": "[{\"added\": {}}]"}}, {"model": "admin.logentry", "pk": 59, "fields": {"action_time": "2023-04-29T15:08:29.885Z", "user": 1, "content_type": 14, "object_id": "13", "object_repr": "Kingston FURY Beast 8GB DDR4 3200MHz Desktop RAM #KF432C16BB/8", "action_flag": 1, "change_message": "[{\"added\": {}}, {\"added\": {\"name\": \"product_ images\", \"object\": \"Product_Images object (33)\"}}, {\"added\": {\"name\": \"product_ images\", \"object\": \"Product_Images object (34)\"}}, {\"added\": {\"name\": \"additional_ information\", \"object\": \"Additional_Information object (70)\"}}, {\"added\": {\"name\": \"additional_ information\", \"object\": \"Additional_Information object (71)\"}}, {\"added\": {\"name\": \"additional_ information\", \"object\": \"Additional_Information object (72)\"}}]"}}, {"model": "admin.logentry", "pk": 60, "fields": {"action_time": "2023-04-29T15:15:07.601Z", "user": 1, "content_type": 14, "object_id": "14", "object_repr": "Adata Premier 8GB DDR4 2666MHz Desktop RAM #AD4U266638G19-R", "action_flag": 1, "change_message": "[{\"added\": {}}, {\"added\": {\"name\": \"product_ images\", \"object\": \"Product_Images object (35)\"}}, {\"added\": {\"name\": \"product_ images\", \"object\": \"Product_Images object (36)\"}}, {\"added\": {\"name\": \"additional_ information\", \"object\": \"Additional_Information object (73)\"}}, {\"added\": {\"name\": \"additional_ information\", \"object\": \"Additional_Information object (74)\"}}, {\"added\": {\"name\": \"additional_ information\", \"object\": \"Additional_Information object (75)\"}}, {\"added\": {\"name\": \"additional_ information\", \"object\": \"Additional_Information object (76)\"}}]"}}, {"model": "admin.logentry", "pk": 61, "fields": {"action_time": "2023-04-29T15:25:42.988Z", "user": 1, "content_type": 14, "object_id": "15", "object_repr": "Gigabyte GeForce GTX 1050 Ti Windforce OC 4GB GDDR5 Graphics Card", "action_flag": 1, "change_message": "[{\"added\": {}}, {\"added\": {\"name\": \"product_ images\", \"object\": \"Product_Images object (37)\"}}, {\"added\": {\"name\": \"product_ images\", \"object\": \"Product_Images object (38)\"}}, {\"added\": {\"name\": \"product_ images\", \"object\": \"Product_Images object (39)\"}}, {\"added\": {\"name\": \"additional_ information\", \"object\": \"Additional_Information object (77)\"}}, {\"added\": {\"name\": \"additional_ information\", \"object\": \"Additional_Information object (78)\"}}, {\"added\": {\"name\": \"additional_ information\", \"object\": \"Additional_Information object (79)\"}}]"}}, {"model": "admin.logentry", "pk": 62, "fields": {"action_time": "2023-04-29T16:12:03.605Z", "user": 1, "content_type": 14, "object_id": "16", "object_repr": "MSI GeForce GT 1030 AERO ITX 2GD4 OC 2GB GDDR4 Graphics Card", "action_flag": 1, "change_message": "[{\"added\": {}}, {\"added\": {\"name\": \"additional_ information\", \"object\": \"Additional_Information object (80)\"}}, {\"added\": {\"name\": \"additional_ information\", \"object\": \"Additional_Information object (81)\"}}, {\"added\": {\"name\": \"additional_ information\", \"object\": \"Additional_Information object (82)\"}}, {\"added\": {\"name\": \"additional_ information\", \"object\": \"Additional_Information object (83)\"}}]"}}, {"model": "admin.logentry", "pk": 63, "fields": {"action_time": "2023-04-29T16:23:52.840Z", "user": 1, "content_type": 14, "object_id": "17", "object_repr": "Asus Phoenix Radeon RX 550 4GB GDDR5 Graphics Card #PH-RX550-4G-EVO", "action_flag": 1, "change_message": "[{\"added\": {}}, {\"added\": {\"name\": \"product_ images\", \"object\": \"Product_Images object (40)\"}}, {\"added\": {\"name\": \"product_ images\", \"object\": \"Product_Images object (41)\"}}, {\"added\": {\"name\": \"product_ images\", \"object\": \"Product_Images object (42)\"}}, {\"added\": {\"name\": \"additional_ information\", \"object\": \"Additional_Information object (84)\"}}, {\"added\": {\"name\": \"additional_ information\", \"object\": \"Additional_Information object (85)\"}}, {\"added\": {\"name\": \"additional_ information\", \"object\": \"Additional_Information object (86)\"}}, {\"added\": {\"name\": \"additional_ information\", \"object\": \"Additional_Information object (87)\"}}]"}}, {"model": "admin.logentry", "pk": 64, "fields": {"action_time": "2023-04-29T16:29:02.600Z", "user": 1, "content_type": 14, "object_id": "18", "object_repr": "Zotac Gaming GeForce RTX 3060 Twin Edge OC 12GB GDDR6 Graphics", "action_flag": 1, "change_message": "[{\"added\": {}}, {\"added\": {\"name\": \"additional_ information\", \"object\": \"Additional_Information object (88)\"}}, {\"added\": {\"name\": \"additional_ information\", \"object\": \"Additional_Information object (89)\"}}, {\"added\": {\"name\": \"additional_ information\", \"object\": \"Additional_Information object (90)\"}}]"}}, {"model": "admin.logentry", "pk": 65, "fields": {"action_time": "2023-04-29T17:11:56.112Z", "user": 1, "content_type": 14, "object_id": "19", "object_repr": "Cooler Master MWE Gold 550 V2 Full Modular 550W Power Supply #MPE-5501-AFAAG-IN", "action_flag": 1, "change_message": "[{\"added\": {}}, {\"added\": {\"name\": \"product_ images\", \"object\": \"Product_Images object (43)\"}}, {\"added\": {\"name\": \"product_ images\", \"object\": \"Product_Images object (44)\"}}, {\"added\": {\"name\": \"product_ images\", \"object\": \"Product_Images object (45)\"}}, {\"added\": {\"name\": \"additional_ information\", \"object\": \"Additional_Information object (91)\"}}, {\"added\": {\"name\": \"additional_ information\", \"object\": \"Additional_Information object (92)\"}}, {\"added\": {\"name\": \"additional_ information\", \"object\": \"Additional_Information object (93)\"}}]"}}, {"model": "admin.logentry", "pk": 66, "fields": {"action_time": "2023-04-29T17:15:15.474Z", "user": 1, "content_type": 14, "object_id": "20", "object_repr": "Antec META Series V550 550W Non Modular Black Power Supply", "action_flag": 1, "change_message": "[{\"added\": {}}, {\"added\": {\"name\": \"product_ images\", \"object\": \"Product_Images object (46)\"}}, {\"added\": {\"name\": \"product_ images\", \"object\": \"Product_Images object (47)\"}}, {\"added\": {\"name\": \"product_ images\", \"object\": \"Product_Images object (48)\"}}, {\"added\": {\"name\": \"additional_ information\", \"object\": \"Additional_Information object (94)\"}}, {\"added\": {\"name\": \"additional_ information\", \"object\": \"Additional_Information object (95)\"}}, {\"added\": {\"name\": \"additional_ information\", \"object\": \"Additional_Information object (96)\"}}]"}}, {"model": "admin.logentry", "pk": 67, "fields": {"action_time": "2023-04-29T17:21:09.388Z", "user": 1, "content_type": 14, "object_id": "21", "object_repr": "Deepcool PK-D Series PK550D Non Modular 550W 80 Plus Bronze", "action_flag": 1, "change_message": "[{\"added\": {}}, {\"added\": {\"name\": \"product_ images\", \"object\": \"Product_Images object (49)\"}}, {\"added\": {\"name\": \"product_ images\", \"object\": \"Product_Images object (50)\"}}, {\"added\": {\"name\": \"product_ images\", \"object\": \"Product_Images object (51)\"}}, {\"added\": {\"name\": \"additional_ information\", \"object\": \"Additional_Information object (97)\"}}, {\"added\": {\"name\": \"additional_ information\", \"object\": \"Additional_Information object (98)\"}}, {\"added\": {\"name\": \"additional_ information\", \"object\": \"Additional_Information object (99)\"}}]"}}, {"model": "admin.logentry", "pk": 68, "fields": {"action_time": "2023-04-30T08:32:56.453Z", "user": 1, "content_type": 14, "object_id": "22", "object_repr": "Corsair RM Series RM650 650W ATX Fully M", "action_flag": 1, "change_message": "[{\"added\": {}}, {\"added\": {\"name\": \"product_ images\", \"object\": \"Product_Images object (52)\"}}, {\"added\": {\"name\": \"product_ images\", \"object\": \"Product_Images object (53)\"}}, {\"added\": {\"name\": \"product_ images\", \"object\": \"Product_Images object (54)\"}}, {\"added\": {\"name\": \"additional_ information\", \"object\": \"Additional_Information object (100)\"}}, {\"added\": {\"name\": \"additional_ information\", \"object\": \"Additional_Information object (101)\"}}, {\"added\": {\"name\": \"additional_ information\", \"object\": \"Additional_Information object (102)\"}}, {\"added\": {\"name\": \"additional_ information\", \"object\": \"Additional_Information object (103)\"}}]"}}, {"model": "admin.logentry", "pk": 69, "fields": {"action_time": "2023-04-30T08:38:14.727Z", "user": 1, "content_type": 14, "object_id": "23", "object_repr": "Cooler Master MasterBox MB400L Mini Tower Black Gaming Desktop Casing #MCB-B400L-KG5N-S00", "action_flag": 1, "change_message": "[{\"added\": {}}, {\"added\": {\"name\": \"product_ images\", \"object\": \"Product_Images object (55)\"}}, {\"added\": {\"name\": \"product_ images\", \"object\": \"Product_Images object (56)\"}}, {\"added\": {\"name\": \"product_ images\", \"object\": \"Product_Images object (57)\"}}, {\"added\": {\"name\": \"additional_ information\", \"object\": \"Additional_Information object (104)\"}}, {\"added\": {\"name\": \"additional_ information\", \"object\": \"Additional_Information object (105)\"}}, {\"added\": {\"name\": \"additional_ information\", \"object\": \"Additional_Information object (106)\"}}]"}}, {"model": "admin.logentry", "pk": 70, "fields": {"action_time": "2023-04-30T08:41:13.498Z", "user": 1, "content_type": 14, "object_id": "24", "object_repr": "Value Top MANIA X5 Mini Mid Tower Black Gaming Casing", "action_flag": 1, "change_message": "[{\"added\": {}}, {\"added\": {\"name\": \"product_ images\", \"object\": \"Product_Images object (58)\"}}, {\"added\": {\"name\": \"product_ images\", \"object\": \"Product_Images object (59)\"}}, {\"added\": {\"name\": \"product_ images\", \"object\": \"Product_Images object (60)\"}}, {\"added\": {\"name\": \"additional_ information\", \"object\": \"Additional_Information object (107)\"}}, {\"added\": {\"name\": \"additional_ information\", \"object\": \"Additional_Information object (108)\"}}, {\"added\": {\"name\": \"additional_ information\", \"object\": \"Additional_Information object (109)\"}}]"}}, {"model": "admin.logentry", "pk": 71, "fields": {"action_time": "2023-04-30T08:49:53.739Z", "user": 1, "content_type": 14, "object_id": "25", "object_repr": "Xtreme Micro V Series V9 Mini Tower Black Micro ATX Desktop Casing", "action_flag": 1, "change_message": "[{\"added\": {}}, {\"added\": {\"name\": \"product_ images\", \"object\": \"Product_Images object (61)\"}}, {\"added\": {\"name\": \"product_ images\", \"object\": \"Product_Images object (62)\"}}, {\"added\": {\"name\": \"product_ images\", \"object\": \"Product_Images object (63)\"}}, {\"added\": {\"name\": \"additional_ information\", \"object\": \"Additional_Information object (110)\"}}, {\"added\": {\"name\": \"additional_ information\", \"object\": \"Additional_Information object (111)\"}}, {\"added\": {\"name\": \"additional_ information\", \"object\": \"Additional_Information object (112)\"}}]"}}, {"model": "admin.logentry", "pk": 72, "fields": {"action_time": "2023-04-30T08:56:47.664Z", "user": 1, "content_type": 14, "object_id": "26", "object_repr": "Deepcool ICE EDGE MINI FS V2.0 Air CPU Cooler #DP-MCH2-IEMV2", "action_flag": 1, "change_message": "[{\"added\": {}}, {\"added\": {\"name\": \"product_ images\", \"object\": \"Product_Images object (64)\"}}, {\"added\": {\"name\": \"product_ images\", \"object\": \"Product_Images object (65)\"}}, {\"added\": {\"name\": \"additional_ information\", \"object\": \"Additional_Information object (113)\"}}, {\"added\": {\"name\": \"additional_ information\", \"object\": \"Additional_Information object (114)\"}}, {\"added\": {\"name\": \"additional_ information\", \"object\": \"Additional_Information object (115)\"}}]"}}, {"model": "admin.logentry", "pk": 73, "fields": {"action_time": "2023-04-30T08:59:45.181Z", "user": 1, "content_type": 14, "object_id": "27", "object_repr": "Value Top VT-CL100 Air CPU Cooler", "action_flag": 1, "change_message": "[{\"added\": {}}, {\"added\": {\"name\": \"product_ images\", \"object\": \"Product_Images object (66)\"}}, {\"added\": {\"name\": \"additional_ information\", \"object\": \"Additional_Information object (116)\"}}, {\"added\": {\"name\": \"additional_ information\", \"object\": \"Additional_Information object (117)\"}}, {\"added\": {\"name\": \"additional_ information\", \"object\": \"Additional_Information object (118)\"}}]"}}, {"model": "admin.logentry", "pk": 74, "fields": {"action_time": "2023-05-01T17:34:33.744Z", "user": 1, "content_type": 6, "object_id": "6", "object_repr": "hasan25-090@diu.edu.bd", "action_flag": 2, "change_message": "[{\"changed\": {\"fields\": [\"Is active\"]}}]"}}, {"model": "admin.logentry", "pk": 75, "fields": {"action_time": "2023-05-01T17:36:03.696Z", "user": 1, "content_type": 6, "object_id": "4", "object_repr": "rakib1515hassan@gmail.com", "action_flag": 3, "change_message": ""}}, {"model": "admin.logentry", "pk": 76, "fields": {"action_time": "2023-05-01T21:51:50.213Z", "user": 1, "content_type": 9, "object_id": "5", "object_repr": "rakib1515hassan@gmail.com", "action_flag": 2, "change_message": "[{\"changed\": {\"fields\": [\"Profile pictur\"]}}]"}}, {"model": "admin.logentry", "pk": 77, "fields": {"action_time": "2023-05-01T21:52:14.551Z", "user": 1, "content_type": 9, "object_id": "5", "object_repr": "rakib1515hassan@gmail.com", "action_flag": 2, "change_message": "[{\"changed\": {\"fields\": [\"Cover pictur\"]}}]"}}, {"model": "admin.logentry", "pk": 78, "fields": {"action_time": "2023-05-03T16:35:52.518Z", "user": 1, "content_type": 6, "object_id": "13", "object_repr": "rakib1515hassan@gmail.com", "action_flag": 3, "change_message": ""}}, {"model": "admin.logentry", "pk": 79, "fields": {"action_time": "2023-05-03T16:37:32.489Z", "user": 1, "content_type": 6, "object_id": "14", "object_repr": "rakib1515hassan@gmail.com", "action_flag": 3, "change_message": ""}}, {"model": "admin.logentry", "pk": 80, "fields": {"action_time": "2023-05-03T17:08:45.219Z", "user": 1, "content_type": 6, "object_id": "15", "object_repr": "rakib1515hassan@gmail.com", "action_flag": 3, "change_message": ""}}, {"model": "admin.logentry", "pk": 81, "fields": {"action_time": "2023-05-03T17:18:28.686Z", "user": 1, "content_type": 6, "object_id": "16", "object_repr": "rakib1515hassan@gmail.com", "action_flag": 3, "change_message": ""}}, {"model": "auth.permission", "pk": 1, "fields": {"name": "Can add log entry", "content_type": 1, "codename": "add_logentry"}}, {"model": "auth.permission", "pk": 2, "fields": {"name": "Can change log entry", "content_type": 1, "codename": "change_logentry"}}, {"model": "auth.permission", "pk": 3, "fields": {"name": "Can delete log entry", "content_type": 1, "codename": "delete_logentry"}}, {"model": "auth.permission", "pk": 4, "fields": {"name": "Can view log entry", "content_type": 1, "codename": "view_logentry"}}, {"model": "auth.permission", "pk": 5, "fields": {"name": "Can add permission", "content_type": 2, "codename": "add_permission"}}, {"model": "auth.permission", "pk": 6, "fields": {"name": "Can change permission", "content_type": 2, "codename": "change_permission"}}, {"model": "auth.permission", "pk": 7, "fields": {"name": "Can delete permission", "content_type": 2, "codename": "delete_permission"}}, {"model": "auth.permission", "pk": 8, "fields": {"name": "Can view permission", "content_type": 2, "codename": "view_permission"}}, {"model": "auth.permission", "pk": 9, "fields": {"name": "Can add group", "content_type": 3, "codename": "add_group"}}, {"model": "auth.permission", "pk": 10, "fields": {"name": "Can change group", "content_type": 3, "codename": "change_group"}}, {"model": "auth.permission", "pk": 11, "fields": {"name": "Can delete group", "content_type": 3, "codename": "delete_group"}}, {"model": "auth.permission", "pk": 12, "fields": {"name": "Can view group", "content_type": 3, "codename": "view_group"}}, {"model": "auth.permission", "pk": 13, "fields": {"name": "Can add content type", "content_type": 4, "codename": "add_contenttype"}}, {"model": "auth.permission", "pk": 14, "fields": {"name": "Can change content type", "content_type": 4, "codename": "change_contenttype"}}, {"model": "auth.permission", "pk": 15, "fields": {"name": "Can delete content type", "content_type": 4, "codename": "delete_contenttype"}}, {"model": "auth.permission", "pk": 16, "fields": {"name": "Can view content type", "content_type": 4, "codename": "view_contenttype"}}, {"model": "auth.permission", "pk": 17, "fields": {"name": "Can add session", "content_type": 5, "codename": "add_session"}}, {"model": "auth.permission", "pk": 18, "fields": {"name": "Can change session", "content_type": 5, "codename": "change_session"}}, {"model": "auth.permission", "pk": 19, "fields": {"name": "Can delete session", "content_type": 5, "codename": "delete_session"}}, {"model": "auth.permission", "pk": 20, "fields": {"name": "Can view session", "content_type": 5, "codename": "view_session"}}, {"model": "auth.permission", "pk": 21, "fields": {"name": "Can add User", "content_type": 6, "codename": "add_user"}}, {"model": "auth.permission", "pk": 22, "fields": {"name": "Can change User", "content_type": 6, "codename": "change_user"}}, {"model": "auth.permission", "pk": 23, "fields": {"name": "Can delete User", "content_type": 6, "codename": "delete_user"}}, {"model": "auth.permission", "pk": 24, "fields": {"name": "Can view User", "content_type": 6, "codename": "view_user"}}, {"model": "auth.permission", "pk": 25, "fields": {"name": "Can add user otp", "content_type": 7, "codename": "add_userotp"}}, {"model": "auth.permission", "pk": 26, "fields": {"name": "Can change user otp", "content_type": 7, "codename": "change_userotp"}}, {"model": "auth.permission", "pk": 27, "fields": {"name": "Can delete user otp", "content_type": 7, "codename": "delete_userotp"}}, {"model": "auth.permission", "pk": 28, "fields": {"name": "Can view user otp", "content_type": 7, "codename": "view_userotp"}}, {"model": "auth.permission", "pk": 29, "fields": {"name": "Can add seller", "content_type": 8, "codename": "add_seller"}}, {"model": "auth.permission", "pk": 30, "fields": {"name": "Can change seller", "content_type": 8, "codename": "change_seller"}}, {"model": "auth.permission", "pk": 31, "fields": {"name": "Can delete seller", "content_type": 8, "codename": "delete_seller"}}, {"model": "auth.permission", "pk": 32, "fields": {"name": "Can view seller", "content_type": 8, "codename": "view_seller"}}, {"model": "auth.permission", "pk": 33, "fields": {"name": "Can add customer", "content_type": 9, "codename": "add_customer"}}, {"model": "auth.permission", "pk": 34, "fields": {"name": "Can change customer", "content_type": 9, "codename": "change_customer"}}, {"model": "auth.permission", "pk": 35, "fields": {"name": "Can delete customer", "content_type": 9, "codename": "delete_customer"}}, {"model": "auth.permission", "pk": 36, "fields": {"name": "Can view customer", "content_type": 9, "codename": "view_customer"}}, {"model": "auth.permission", "pk": 37, "fields": {"name": "Can add category", "content_type": 10, "codename": "add_category"}}, {"model": "auth.permission", "pk": 38, "fields": {"name": "Can change category", "content_type": 10, "codename": "change_category"}}, {"model": "auth.permission", "pk": 39, "fields": {"name": "Can delete category", "content_type": 10, "codename": "delete_category"}}, {"model": "auth.permission", "pk": 40, "fields": {"name": "Can view category", "content_type": 10, "codename": "view_category"}}, {"model": "auth.permission", "pk": 41, "fields": {"name": "Can add main_ category", "content_type": 11, "codename": "add_main_category"}}, {"model": "auth.permission", "pk": 42, "fields": {"name": "Can change main_ category", "content_type": 11, "codename": "change_main_category"}}, {"model": "auth.permission", "pk": 43, "fields": {"name": "Can delete main_ category", "content_type": 11, "codename": "delete_main_category"}}, {"model": "auth.permission", "pk": 44, "fields": {"name": "Can view main_ category", "content_type": 11, "codename": "view_main_category"}}, {"model": "auth.permission", "pk": 45, "fields": {"name": "Can add section", "content_type": 12, "codename": "add_section"}}, {"model": "auth.permission", "pk": 46, "fields": {"name": "Can change section", "content_type": 12, "codename": "change_section"}}, {"model": "auth.permission", "pk": 47, "fields": {"name": "Can delete section", "content_type": 12, "codename": "delete_section"}}, {"model": "auth.permission", "pk": 48, "fields": {"name": "Can view section", "content_type": 12, "codename": "view_section"}}, {"model": "auth.permission", "pk": 49, "fields": {"name": "Can add sub_ category", "content_type": 13, "codename": "add_sub_category"}}, {"model": "auth.permission", "pk": 50, "fields": {"name": "Can change sub_ category", "content_type": 13, "codename": "change_sub_category"}}, {"model": "auth.permission", "pk": 51, "fields": {"name": "Can delete sub_ category", "content_type": 13, "codename": "delete_sub_category"}}, {"model": "auth.permission", "pk": 52, "fields": {"name": "Can view sub_ category", "content_type": 13, "codename": "view_sub_category"}}, {"model": "auth.permission", "pk": 53, "fields": {"name": "Can add products", "content_type": 14, "codename": "add_products"}}, {"model": "auth.permission", "pk": 54, "fields": {"name": "Can change products", "content_type": 14, "codename": "change_products"}}, {"model": "auth.permission", "pk": 55, "fields": {"name": "Can delete products", "content_type": 14, "codename": "delete_products"}}, {"model": "auth.permission", "pk": 56, "fields": {"name": "Can view products", "content_type": 14, "codename": "view_products"}}, {"model": "auth.permission", "pk": 57, "fields": {"name": "Can add product_ images", "content_type": 15, "codename": "add_product_images"}}, {"model": "auth.permission", "pk": 58, "fields": {"name": "Can change product_ images", "content_type": 15, "codename": "change_product_images"}}, {"model": "auth.permission", "pk": 59, "fields": {"name": "Can delete product_ images", "content_type": 15, "codename": "delete_product_images"}}, {"model": "auth.permission", "pk": 60, "fields": {"name": "Can view product_ images", "content_type": 15, "codename": "view_product_images"}}, {"model": "auth.permission", "pk": 61, "fields": {"name": "Can add additional_ information", "content_type": 16, "codename": "add_additional_information"}}, {"model": "auth.permission", "pk": 62, "fields": {"name": "Can change additional_ information", "content_type": 16, "codename": "change_additional_information"}}, {"model": "auth.permission", "pk": 63, "fields": {"name": "Can delete additional_ information", "content_type": 16, "codename": "delete_additional_information"}}, {"model": "auth.permission", "pk": 64, "fields": {"name": "Can view additional_ information", "content_type": 16, "codename": "view_additional_information"}}, {"model": "auth.permission", "pk": 65, "fields": {"name": "Can add customer_ address", "content_type": 17, "codename": "add_customer_address"}}, {"model": "auth.permission", "pk": 66, "fields": {"name": "Can change customer_ address", "content_type": 17, "codename": "change_customer_address"}}, {"model": "auth.permission", "pk": 67, "fields": {"name": "Can delete customer_ address", "content_type": 17, "codename": "delete_customer_address"}}, {"model": "auth.permission", "pk": 68, "fields": {"name": "Can view customer_ address", "content_type": 17, "codename": "view_customer_address"}}, {"model": "contenttypes.contenttype", "pk": 1, "fields": {"app_label": "admin", "model": "logentry"}}, {"model": "contenttypes.contenttype", "pk": 2, "fields": {"app_label": "auth", "model": "permission"}}, {"model": "contenttypes.contenttype", "pk": 3, "fields": {"app_label": "auth", "model": "group"}}, {"model": "contenttypes.contenttype", "pk": 4, "fields": {"app_label": "contenttypes", "model": "contenttype"}}, {"model": "contenttypes.contenttype", "pk": 5, "fields": {"app_label": "sessions", "model": "session"}}, {"model": "contenttypes.contenttype", "pk": 6, "fields": {"app_label": "Accounts", "model": "user"}}, {"model": "contenttypes.contenttype", "pk": 7, "fields": {"app_label": "Accounts", "model": "userotp"}}, {"model": "contenttypes.contenttype", "pk": 8, "fields": {"app_label": "Accounts", "model": "seller"}}, {"model": "contenttypes.contenttype", "pk": 9, "fields": {"app_label": "Accounts", "model": "customer"}}, {"model": "contenttypes.contenttype", "pk": 10, "fields": {"app_label": "Products", "model": "category"}}, {"model": "contenttypes.contenttype", "pk": 11, "fields": {"app_label": "Products", "model": "main_category"}}, {"model": "contenttypes.contenttype", "pk": 12, "fields": {"app_label": "Products", "model": "section"}}, {"model": "contenttypes.contenttype", "pk": 13, "fields": {"app_label": "Products", "model": "sub_category"}}, {"model": "contenttypes.contenttype", "pk": 14, "fields": {"app_label": "Products", "model": "products"}}, {"model": "contenttypes.contenttype", "pk": 15, "fields": {"app_label": "Products", "model": "product_images"}}, {"model": "contenttypes.contenttype", "pk": 16, "fields": {"app_label": "Products", "model": "additional_information"}}, {"model": "contenttypes.contenttype", "pk": 17, "fields": {"app_label": "Accounts", "model": "customer_address"}}, {"model": "sessions.session", "pk": "fosn0l6r8yh0nlk5tr90vr3quw68mw24", "fields": {"session_data": ".eJxVzEEOwiAQheG7sDbNlIFC3VXP4JoMME2JkSYCK-PdpYkL3b7v5X8JR61urhV-uhTFWYyzOP2OnsKd8yFLCHvLtQwHcq4pUE17Hq6t1P1x6-elw-X7_4tsVLZekMBaG81RS88roQVr1mAAAk4wA6L3nWyUOE6oCbW1BGaMNFmlVlbi_QE9jDlv:1pwhV4:pGv3EVfrjv5k-zGwbQObKp9EpPxCOWFbTruhjJND6ok", "expire_date": "2023-05-24T10:56:50.717Z"}}, {"model": "sessions.session", "pk": "krjx5hf3qi2xhmne444h7vdgckzjsn25", "fields": {"session_data": ".eJxVjMsOwiAQAP-FsyGw8lg8evcbyAJbqRqalPZk_HdD0oNeZybzFpH2rca98xrnIi5Ci9MvS5Sf3IYoD2r3Realbeuc5EjkYbu8LYVf16P9G1TqdWwxeNBWuaIxnZPz7CfjPTLZoHNCAMKMSjnAwmAsq-DYuOQD0JQNiM8Xtro29g:1psf3e:UW4ID--PYFUfFjZreOraLaoPzIJxnuSRvI-eK-DhiEs", "expire_date": "2023-05-13T07:31:50.686Z"}}, {"model": "sessions.session", "pk": "nnviifeogxzsckwq4as7nwcqijt6kmf4", "fields": {"session_data": ".eJxVzEEOwiAQheG7sDbNlIFC3VXP4JoMME2JkSYCK-PdpYkL3b7v5X8JR61urhV-uhTFWYyzOP2OnsKd8yFLCHvLtQwHcq4pUE17Hq6t1P1x6-elw-X7_4tsVLZekMBaG81RS88roQVr1mAAAk4wA6L3nWyUOE6oCbW1BGaMNFmlVlbi_QE9jDlv:1puGZJ:v7DW7ij4p7WRXd6zRsx9hOL6P7YzuFbUzTpAT38svtg", "expire_date": "2023-05-17T17:47:09.966Z"}}, {"model": "sessions.session", "pk": "osqc1y2v6jy5kvvil0bqut01zf1yxwoe", "fields": {"session_data": ".eJxVjEEOwiAQAP_C2TRAt7j1Vn2DZ7Jsl7Qx0qTAyfh3aeJBrzOTeSlPtSy-Ztn9OquLAnX6ZYH4IekQE_NWU8ndISWVlamsW-puNZfteW_x1MT12_9NFspLOxiL7hyNGVigR6uRghjUTrMLoplGICejAwsEhGiB5zH2OhiNkQaL6v0BECQ5Zw:1psfI1:EDDB_FsUIi9k_DvxLs1pM2Edsc4ENNO0f_mLIKjViiI", "expire_date": "2023-05-13T07:46:41.188Z"}}, {"model": "sessions.session", "pk": "qr58s07x8qexm7aug8w0zvti8d1bx0vj", "fields": {"session_data": ".eJxVjMsOwiAQAP-FsyGw8lg8evcbyAJbqRqalPZk_HdD0oNeZybzFpH2rca98xrnIi5Ci9MvS5Sf3IYoD2r3Realbeuc5EjkYbu8LYVf16P9G1TqdWwxeNBWuaIxnZPz7CfjPTLZoHNCAMKMSjnAwmAsq-DYuOQD0JQNiM8Xtro29g:1ptW47:kXTKQWJmuY79yFakscXaOhVehUcTWWgvf2K9kerpli8", "expire_date": "2023-05-15T16:07:51.670Z"}}, {"model": "sessions.session", "pk": "rghetu2dvfy3z73yc6jcd1vevjk0d8jv", "fields": {"session_data": ".eJxVjMsOwiAQAP-FsyGw8lg8evcbyAJbqRqalPZk_HdD0oNeZybzFpH2rca98xrnIi5Ci9MvS5Sf3IYoD2r3Realbeuc5EjkYbu8LYVf16P9G1TqdWwxeNBWuaIxnZPz7CfjPTLZoHNCAMKMSjnAwmAsq-DYuOQD0JQNiM8Xtro29g:1pslPd:40uhrjkeS0r-uqdkJ9uP6Ysl4rLDIfH3bc2NCJV6O38", "expire_date": "2023-05-13T14:18:57.013Z"}}, {"model": "sessions.session", "pk": "tw6o9qc65t5iaeioq6d22cesep46pe9y", "fields": {"session_data": ".eJxVjEsOwiAUAO_C2jQ-aIHnrnoG1-TxC8RIkwIr492liQvdzkzmxQz1lkyvYTfZswuT7PTLLLlHKIdYndt6aXU6ZCgtO2p5K9Ot17Y97yNeh7h--79JoprGgQvldBASASyhAAIUhIrLeJbkooohorbWK1BimZdIyLlWXmPkQc4W2PsDHoQ5wA:1pvjRi:qzwMg0uY7UOK80L68NAxuss2mmoDuVLUu6jFLLyVj1E", "expire_date": "2023-05-21T18:49:22.309Z"}}, {"model": "Accounts.user", "pk": 1, "fields": {"password": "pbkdf2_sha256$390000$Y5ac2syxPBi5wE2fwnPRJD$4czuSzQyAsz9fNjyPnKKtgn4iFueacMyCHLQJLGWCSo=", "last_login": "2023-05-01T21:51:23.130Z", "is_superuser": true, "email": "admin@test.com", "first_name": "Admin", "last_name": "Admin", "mobile": "1111111111", "is_active": true, "is_admin": true, "is_customer": false, "is_seller": false, "groups": [], "user_permissions": []}}, {"model": "Accounts.user", "pk": 6, "fields": {"password": "pbkdf2_sha256$390000$dH5rGsd7377UL9jgDnHnyD$VDBXqSgBdTulYcipQn0inCsANA3y1U16FYW2FnVFmXY=", "last_login": "2023-05-10T10:56:36.982Z", "is_superuser": false, "email": "hasan25-090@diu.edu.bd", "first_name": "Md", "last_name": "Hassan", "mobile": "0164654544", "is_active": true, "is_admin": false, "is_customer": false, "is_seller": true, "groups": [], "user_permissions": []}}, {"model": "Accounts.user", "pk": 19, "fields": {"password": "pbkdf2_sha256$390000$6zQqjSjuyDEjpjEMwNTjXS$1VH6UaLvYnbFPA4FYoaVVx0jswrejfKXFfd1SEKNEpk=", "last_login": "2023-05-10T10:56:50.682Z", "is_superuser": false, "email": "rakib1515hassan@gmail.com", "first_name": "Md Rakib ", "last_name": "Hassan", "mobile": "01515612682", "is_active": true, "is_admin": false, "is_customer": true, "is_seller": false, "groups": [], "user_permissions": []}}, {"model": "Accounts.userotp", "pk": 11, "fields": {"user": 6, "time_st": "2023-05-01T17:33:42.285Z", "otp": 883575}}, {"model": "Accounts.userotp", "pk": 46, "fields": {"user": 19, "time_st": "2023-05-03T17:39:12.042Z", "otp": 799008}}, {"model": "Accounts.customer", "pk": 15, "fields": {"user": 19, "profile_pictur": "Customer/Profile/50549164_2724481317776903_397956791880646656_o.jpg", "cover_pictur": "Customer/Cover/51158962_2723982594493442_574897311193235456_o.jpg", "date_of_birth": "1995-10-20", "gender": "Male", "address": "274 No House, College Road, Kamrangirchar Dhaka-1211"}}, {"model": "Accounts.customer_address", "pk": 6, "fields": {"user": 15, "Division": "Dhaka", "Sub_division": "Dhaka ", "Zipcode": "1211", "Home_Address": "274 No House, Lalbagh", "Phone": "01680764592"}}, {"model": "Accounts.customer_address", "pk": 7, "fields": {"user": 15, "Division": "Chittagong", "Sub_division": "Chandpur", "Zipcode": "1848", "Home_Address": "Pirojpur, Hajigong", "Phone": "01932717449"}}, {"model": "Accounts.seller", "pk": 3, "fields": {"user": 6, "shop_name": null, "shop_logo": "", "Trade_license": "Seller/NID/Rasel.png", "Owner_NID": "Seller/TradeLicense/Sumilon.jpg", "shop_address": null}}, {"model": "Products.main_category", "pk": 1, "fields": {"name": "Desktop Components"}}, {"model": "Products.main_category", "pk": 2, "fields": {"name": "Laptops"}}, {"model": "Products.main_category", "pk": 3, "fields": {"name": "Phones"}}, {"model": "Products.main_category", "pk": 4, "fields": {"name": "Monitors"}}, {"model": "Products.main_category", "pk": 5, "fields": {"name": "Printers"}}, {"model": "Products.main_category", "pk": 6, "fields": {"name": "Cameras"}}, {"model": "Products.main_category", "pk": 7, "fields": {"name": "Storages"}}, {"model": "Products.main_category", "pk": 8, "fields": {"name": "Official Equipments"}}, {"model": "Products.main_category", "pk": 9, "fields": {"name": "Accessories"}}, {"model": "Products.main_category", "pk": 10, "fields": {"name": "Softwares"}}, {"model": "Products.category", "pk": 1, "fields": {"main_category": 1, "name": "Processor"}}, {"model": "Products.category", "pk": 2, "fields": {"main_category": 1, "name": "Motherboard"}}, {"model": "Products.category", "pk": 3, "fields": {"main_category": 1, "name": "Desktop Ram"}}, {"model": "Products.category", "pk": 4, "fields": {"main_category": 1, "name": "Graphics Card"}}, {"model": "Products.category", "pk": 5, "fields": {"main_category": 1, "name": "Power Supply"}}, {"model": "Products.category", "pk": 6, "fields": {"main_category": 1, "name": "Casing"}}, {"model": "Products.category", "pk": 7, "fields": {"main_category": 1, "name": "CPU Cooler"}}, {"model": "Products.category", "pk": 8, "fields": {"main_category": 1, "name": "Keyboard"}}, {"model": "Products.category", "pk": 9, "fields": {"main_category": 1, "name": "Mouse"}}, {"model": "Products.category", "pk": 10, "fields": {"main_category": 2, "name": "Windows"}}, {"model": "Products.category", "pk": 11, "fields": {"main_category": 2, "name": "Mac"}}, {"model": "Products.category", "pk": 12, "fields": {"main_category": 3, "name": "Android"}}, {"model": "Products.category", "pk": 13, "fields": {"main_category": 3, "name": "iOS"}}, {"model": "Products.category", "pk": 14, "fields": {"main_category": 4, "name": "Professional"}}, {"model": "Products.category", "pk": 15, "fields": {"main_category": 4, "name": "Gaming"}}, {"model": "Products.category", "pk": 16, "fields": {"main_category": 5, "name": "Laser Printer"}}, {"model": "Products.category", "pk": 17, "fields": {"main_category": 5, "name": "Ink Tank Printer"}}, {"model": "Products.category", "pk": 18, "fields": {"main_category": 6, "name": "DSLR"}}, {"model": "Products.category", "pk": 19, "fields": {"main_category": 7, "name": "HDD"}}, {"model": "Products.category", "pk": 20, "fields": {"main_category": 7, "name": "SSD"}}, {"model": "Products.category", "pk": 21, "fields": {"main_category": 8, "name": "Photocopier"}}, {"model": "Products.category", "pk": 22, "fields": {"main_category": 8, "name": "Scanner"}}, {"model": "Products.category", "pk": 23, "fields": {"main_category": 8, "name": "Projector"}}, {"model": "Products.sub_category", "pk": 1, "fields": {"category": 1, "name": "Intel"}}, {"model": "Products.sub_category", "pk": 2, "fields": {"category": 1, "name": "AMD Ryzen"}}, {"model": "Products.sub_category", "pk": 3, "fields": {"category": 2, "name": "Gigabyte"}}, {"model": "Products.sub_category", "pk": 4, "fields": {"category": 2, "name": "MSI"}}, {"model": "Products.sub_category", "pk": 5, "fields": {"category": 2, "name": "Asus"}}, {"model": "Products.sub_category", "pk": 6, "fields": {"category": 2, "name": "Colorful"}}, {"model": "Products.sub_category", "pk": 7, "fields": {"category": 3, "name": "G.skill"}}, {"model": "Products.sub_category", "pk": 8, "fields": {"category": 3, "name": "Corsair"}}, {"model": "Products.sub_category", "pk": 9, "fields": {"category": 3, "name": "Kingston"}}, {"model": "Products.sub_category", "pk": 10, "fields": {"category": 3, "name": "Adata"}}, {"model": "Products.sub_category", "pk": 11, "fields": {"category": 4, "name": "Gigabyte"}}, {"model": "Products.sub_category", "pk": 12, "fields": {"category": 4, "name": "MSI"}}, {"model": "Products.sub_category", "pk": 13, "fields": {"category": 4, "name": "Asus"}}, {"model": "Products.sub_category", "pk": 14, "fields": {"category": 4, "name": "Zotac"}}, {"model": "Products.sub_category", "pk": 15, "fields": {"category": 5, "name": "Cooler Master"}}, {"model": "Products.sub_category", "pk": 16, "fields": {"category": 5, "name": "Antec"}}, {"model": "Products.sub_category", "pk": 17, "fields": {"category": 5, "name": "Deepcool"}}, {"model": "Products.sub_category", "pk": 18, "fields": {"category": 5, "name": "Corsair"}}, {"model": "Products.sub_category", "pk": 19, "fields": {"category": 6, "name": "Cooler Master"}}, {"model": "Products.sub_category", "pk": 20, "fields": {"category": 6, "name": "Value Top"}}, {"model": "Products.sub_category", "pk": 21, "fields": {"category": 6, "name": "Xtreme"}}, {"model": "Products.sub_category", "pk": 22, "fields": {"category": 7, "name": "Deepcool"}}, {"model": "Products.sub_category", "pk": 23, "fields": {"category": 7, "name": "Value Top"}}, {"model": "Products.sub_category", "pk": 24, "fields": {"category": 7, "name": "Antec"}}, {"model": "Products.sub_category", "pk": 25, "fields": {"category": 8, "name": "A4tech"}}, {"model": "Products.sub_category", "pk": 26, "fields": {"category": 8, "name": "Logitech"}}, {"model": "Products.sub_category", "pk": 27, "fields": {"category": 8, "name": "Razer"}}, {"model": "Products.sub_category", "pk": 28, "fields": {"category": 8, "name": "Havit"}}, {"model": "Products.sub_category", "pk": 29, "fields": {"category": 9, "name": "Razer"}}, {"model": "Products.sub_category", "pk": 30, "fields": {"category": 9, "name": "A4tech"}}, {"model": "Products.sub_category", "pk": 31, "fields": {"category": 9, "name": "Logitech"}}, {"model": "Products.sub_category", "pk": 32, "fields": {"category": 9, "name": "Corsair"}}, {"model": "Products.sub_category", "pk": 33, "fields": {"category": 10, "name": "Hp"}}, {"model": "Products.sub_category", "pk": 34, "fields": {"category": 10, "name": "Dell"}}, {"model": "Products.sub_category", "pk": 35, "fields": {"category": 10, "name": "Acer"}}, {"model": "Products.sub_category", "pk": 36, "fields": {"category": 10, "name": "Asus"}}, {"model": "Products.sub_category", "pk": 37, "fields": {"category": 11, "name": "Apple"}}, {"model": "Products.sub_category", "pk": 38, "fields": {"category": 12, "name": "Samsung"}}, {"model": "Products.sub_category", "pk": 39, "fields": {"category": 12, "name": "Oppo"}}, {"model": "Products.sub_category", "pk": 40, "fields": {"category": 12, "name": "OnePlus"}}, {"model": "Products.sub_category", "pk": 41, "fields": {"category": 12, "name": "Google Pixel"}}, {"model": "Products.sub_category", "pk": 42, "fields": {"category": 13, "name": "Apple"}}, {"model": "Products.sub_category", "pk": 43, "fields": {"category": 14, "name": "Dell"}}, {"model": "Products.sub_category", "pk": 44, "fields": {"category": 14, "name": "Hp"}}, {"model": "Products.sub_category", "pk": 45, "fields": {"category": 14, "name": "Asus"}}, {"model": "Products.sub_category", "pk": 46, "fields": {"category": 15, "name": "Asus"}}, {"model": "Products.sub_category", "pk": 47, "fields": {"category": 15, "name": "Benq"}}, {"model": "Products.sub_category", "pk": 48, "fields": {"category": 15, "name": "LG"}}, {"model": "Products.sub_category", "pk": 49, "fields": {"category": 16, "name": "Hp"}}, {"model": "Products.sub_category", "pk": 50, "fields": {"category": 16, "name": "Canon"}}, {"model": "Products.sub_category", "pk": 51, "fields": {"category": 16, "name": "Brother"}}, {"model": "Products.sub_category", "pk": 52, "fields": {"category": 17, "name": "Hp"}}, {"model": "Products.sub_category", "pk": 53, "fields": {"category": 17, "name": "Epson"}}, {"model": "Products.sub_category", "pk": 54, "fields": {"category": 17, "name": "Canon"}}, {"model": "Products.sub_category", "pk": 55, "fields": {"category": 17, "name": "Brother"}}, {"model": "Products.sub_category", "pk": 56, "fields": {"category": 18, "name": "Canon"}}, {"model": "Products.sub_category", "pk": 57, "fields": {"category": 18, "name": "Nikon"}}, {"model": "Products.sub_category", "pk": 58, "fields": {"category": 18, "name": "Sony"}}, {"model": "Products.sub_category", "pk": 59, "fields": {"category": 19, "name": "Western Digital"}}, {"model": "Products.sub_category", "pk": 60, "fields": {"category": 19, "name": "Toshiba"}}, {"model": "Products.sub_category", "pk": 61, "fields": {"category": 19, "name": "Seagate"}}, {"model": "Products.sub_category", "pk": 62, "fields": {"category": 20, "name": "Transcend"}}, {"model": "Products.sub_category", "pk": 63, "fields": {"category": 20, "name": "Samsung"}}, {"model": "Products.sub_category", "pk": 64, "fields": {"category": 20, "name": "Corsair"}}, {"model": "Products.sub_category", "pk": 65, "fields": {"category": 21, "name": "Toshiba"}}, {"model": "Products.sub_category", "pk": 66, "fields": {"category": 21, "name": "Canon"}}, {"model": "Products.section", "pk": 1, "fields": {"name": "Top Deals Of The Day"}}, {"model": "Products.section", "pk": 2, "fields": {"name": "Top Selling Products"}}, {"model": "Products.section", "pk": 3, "fields": {"name": "Top Featured Products"}}, {"model": "Products.section", "pk": 4, "fields": {"name": "Recommended For You"}}, {"model": "Products.section", "pk": 5, "fields": {"name": "Regular Product"}}, {"model": "Products.products", "pk": 1, "fields": {"Total_quantity": 100, "Availability": 85, "Image": "https://www.cloud.ryanscomputers.com/cdn/products/medium/intel-13th-gen-raptor-lake-core-i3-13100-11673700515.webp", "Product_name": "Intel 13th Gen Raptor Lake Core i3 13100 Processor", "Price": 18230, "Discount_Price": "16771.60", "Discount": 8, "Product_information": "<ul>\r\n\t<li>Core - 4</li>\r\n\t<li>CPU Cache - 17MB</li>\r\n\t<li>Generation - 13th</li>\r\n\t<li>Base Frequency - 3.40GHz</li>\r\n\t<li>Processor Type. - Core i3</li>\r\n\t<li>Turbo Frequency Max. - 4.50GHz</li>\r\n</ul>", "Tags": "Core i3 13100, Intel 13th,", "Description": "<h2>Features of Intel Core i3 13100 Processor In Bangladesh</h2>\r\n\r\n<p>Brand - Intel, Series - Not Applicable, Model - Intel Core i3 13100, Processor Category - Core i3, Cpu Cooler (Included) - Not Included, Code-Name - Raptor Lake, Generation - 13th, Base Frequency - 3.40GHz, Turbo Frequency Max. - 4.50GHz, Core - 4, Threads - 8, Smart Cache - 17MB, L2 Cache - 5MB, L3 Cache - Not Specified, Bus Speed - DDR4 3200 MHz, DDR5 4800 MHz, TDP - 6W, Lithography - Intel 7, Memory Max. - 128GB, Memory Type - DDR4, DDR5, Memory Channels - 2, ECC Memory Supported - No, Processor Graphics - Intel UHD Graphics 730, Graphics Base Frequency - 300MHz, Graphics Dynamic Frequency Max. - 1.50GHz, Graphics Video Memory Max. - Not Specified, Graphics Resolution Max. - 7680 x 4320 @ 60Hz, DirectX Support - 12, OpenGL Support - 4.5, Sockets Supported - LGA1700, Others - Max Memory Bandwidth 76.8 GB/s, Multi-Format Codec Engines 1, Processor Base Power 60 W, Maximum Turbo Power 89 W, Graphics Output eDP 1.4b, DP 1.4a, HDMI 2.1, Execution Units 24, Max Resolution (HDMI) 4096 x 2160 @ 60Hz, Max Resolution (eDP - Integrated Flat Panel) 5120 x 3200 @ 120Hz, Displays Supported 4, Specialty - Intel Deep Learning Boost (Intel DL Boost): Yes, Intel Speed Shift Technology: Yes, Intel Hyper-Threading Technology: Yes, Intel 64: Yes, Enhanced Intel SpeedStep Technology: Yes, Thermal Monitoring Technologies: Yes, Intel Volume Management Device (VMD): Yes., Compatible Products - Chipset: B760, H770, Z790, Q760, W680, H610, H670, B660, Z690, Part No - Not Specified, Warranty - 3 Year (No Warranty for Fan or Cooler), Country of Origin - USA, Made in/ Assemble - China</p>", "slug": "intel-13th-gen-raptor-lake-core-i3-13100-processor", "main_category": 1, "category": 1, "sub_category": 1, "section": 5}}, {"model": "Products.products", "pk": 2, "fields": {"Total_quantity": 100, "Availability": 60, "Image": "https://www.cloud.ryanscomputers.com/cdn/products/medium/intel-13th-gen-raptor-lake-core-i5-13600kf-11665484705.webp", "Product_name": "Intel 13th Gen Raptor Lake Core i5 13600KF 3.50GHz-5.10GHz LGA1700 Socket Processor", "Price": 36350, "Discount_Price": "33078.50", "Discount": 9, "Product_information": "<ul>\r\n\t<li>Core - 14</li>\r\n\t<li>CPU Cache - 24MB</li>\r\n\t<li>Generation - 13th</li>\r\n\t<li>Base Frequency - 3.50GHz</li>\r\n\t<li>Processor Type. - Core i5</li>\r\n\t<li>Turbo Frequency Max. - 5.10GHz</li>\r\n</ul>", "Tags": null, "Description": "<h2>Features of Intel Core i5 13600KF Processor In Bangladesh</h2>\r\n\r\n<p>Brand - Intel, Model - Intel Core i5 13600KF, Processor Category - Core i5, Cpu Cooler (Included) - Not Included, Code-Name - Raptor Lake, Generation - 13th, Base Frequency - 3.50GHz, Turbo Frequency Max. - 5.10GHz, Core - 14, Threads - 20, Smart Cache - 24MB, L2 Cache - 20MB, Lithography - Intel 7, Memory Max. - 128GB, Memory Type - DDR4-3200, DDR5-5600, Memory Channels - 2, Sockets Supported - LGA1700, Others - Processor Base Power: 125W, Maximum Turbo Power: 181W, Max Memory Bandwidth: 89.6 GB/s, Direct Media Interface (DMI) Revision: 4.0, PCI Express Revision: 5.0 and 4.0,, Specialty - Intel Gaussian &amp; Neural Accelerator 3.0, Intel Thread Director, Intel Deep Learning Boost (Intel DL Boost), Intel Speed Shift Technology, Intel Turbo Boost Max Technology 3.0, Intel Turbo Boost Technology 2.0, Intel Hyper-Threading Technology, Enhanced Intel SpeedStep Technology, Thermal Monitoring Technologies, Intel Volume Management Device (VMD), Intel Standard Manageability (ISM), Intel Control-Flow Enforcement Technology, Mode-based Execute Control (MBEC), Compatible Products - Chipsets: Intel Z790, Intel Q670, Intel W680, Intel H610, Intel H670, Intel B660, Intel Z690, Warranty - 3 Year (No Warranty for Fan or Cooler), Country of Origin - USA</p>", "slug": "intel-13th-gen-raptor-lake-core-i5-13600kf-350ghz-510ghz-lga1700-socket-processor", "main_category": 1, "category": 1, "sub_category": 1, "section": 2}}, {"model": "Products.products", "pk": 3, "fields": {"Total_quantity": 90, "Availability": 59, "Image": "https://www.cloud.ryanscomputers.com/cdn/products/medium/intel-13th-gen-raptor-lake-core-i7-13700k-11665486374.webp", "Product_name": "Intel 13th Gen Raptor Lake Core i7 13700K 3.40GHz-5.40GHz LGA1700 Socket Processor (Bundle with PC)", "Price": 49910, "Discount_Price": "44919.00", "Discount": 10, "Product_information": "<h4>Quick Overview</h4>\r\n\r\n<ul>\r\n\t<li>Core - 16</li>\r\n\t<li>CPU Cache - 30MB</li>\r\n\t<li>Generation - 13th</li>\r\n\t<li>Base Frequency - 3.40GHz</li>\r\n\t<li>Processor Type. - Core i7</li>\r\n\t<li>Turbo Frequency Max. - 5.40GHz</li>\r\n</ul>", "Tags": null, "Description": "<h2>Features of Intel Core i7 13700K Processor In Bangladesh</h2>\r\n\r\n<p>Brand - Intel, Model - Intel Core i7 13700K, Processor Category - Core i7, Cpu Cooler (Included) - Not Included, Code-Name - Raptor Lake, Generation - 13th, Base Frequency - 3.40GHz, Turbo Frequency Max. - 5.40GHz, Core - 16, Threads - 24, Smart Cache - 30MB, L2 Cache - 24MB, Lithography - Intel 7, Memory Max. - 128GB, Memory Type - DDR4-3200, DDR5-5600, Memory Channels - 2, ECC Memory Supported - Yes, Processor Graphics - Intel UHD Graphics 770, Graphics Base Frequency - 300 MHz, Graphics Dynamic Frequency Max. - 1.60 GHz, Graphics Resolution Max. - 7680 x 4320, DirectX Support - 12, OpenGL Support - 4.5, Sockets Supported - LGA1700, Others - Processor Base Power: 125W, Maximum Turbo Power: 253W, Max Memory Bandwidth: 89.6 GB/s, Graphics Output: eDP 1.4b, DP 1.4a, HDMI 2.1. OpenCL Support: 3.0, Multi-Format Codec Engines: 2, Specialty - Intel Quick Sync Video, Intel Clear Video HD Technology, Direct Media Interface (DMI) Revision 4.0, PCI Express Revision 5.0 and 4.0, Intel Gaussian &amp; Neural Accelerator 3.0, Intel Thread Director, Intel Deep Learning Boost (Intel DL Boost), Intel Speed Shift Technology, Intel Turbo Boost Max Technology 3.0, Intel Turbo Boost Technology 2.0, Intel Hyper-Threading Technology, Compatible Products - Chipsets: Intel Z790, Intel Q670, Intel W680, Intel H610, Intel H670, Intel B660, Intel Z690, Warranty - 3 Year (No Warranty for Fan or Cooler), Country of Origin - USA</p>", "slug": "intel-13th-gen-raptor-lake-core-i7-13700k-340ghz-540ghz-lga1700-socket-processor-bundle-with-pc", "main_category": 1, "category": 1, "sub_category": 1, "section": 1}}, {"model": "Products.products", "pk": 5, "fields": {"Total_quantity": 50, "Availability": 43, "Image": "https://www.cloud.ryanscomputers.com/cdn/products/medium/amd-ryzen-9-7950x-45ghz-57ghz-am5-socket-11665297314.webp", "Product_name": "AMD Ryzen 9 7950X 4.5GHz-5.7GHz AM5 Socket Processor", "Price": 78120, "Discount_Price": "66402.00", "Discount": 15, "Product_information": "<h4>Quick Overview</h4>\r\n\r\n<ul>\r\n\t<li>Core - 16</li>\r\n\t<li>CPU Cache - 81MB</li>\r\n\t<li>Generation - Not Applicable</li>\r\n\t<li>Base Frequency - 4.50GHz</li>\r\n\t<li>Processor Type. - Ryzen 9</li>\r\n\t<li>Turbo Frequency Max. - 5.70GHz</li>\r\n</ul>", "Tags": "AMD Ryzen 9, AMD Ryzen 9 7950X,", "Description": "<h2>Features of Amd Ryzen 9 7950X Processor In Bangladesh</h2>\r\n\r\n<p>Brand - Amd, Series - 7000, Model - Amd Ryzen 9 7950X, Processor Category - Ryzen 9, Cpu Cooler (Included) - Not Included, Code-Name - Zen 4, Base Frequency - 4.5GHz, Turbo Frequency Max. - 5.7GHz, Core - 16, Threads - 32, Smart Cache - 81MB, L2 Cache - 16MB, L3 Cache - 64MB, TDP - 170W, Memory Max. - 128GB, Memory Channels - 2, ECC Memory Supported - Yes, Processor Graphics - AMD Radeon Graphics, Sockets Supported - AM5, Others - Processor Technology for CPU Cores: TSMC 5nm FinFET, Processor Technology for I/O Die: TSMC 6nm FinFET, CPU Compute Die (CCD) Size: &nbsp;71mm, I/O Die (IOD) Size: 122mm, Package Die Count: 3, Unlocked for Overclocking: Yes, AMD EXPO Memory Overclocking Technology: Yes, Precision Boost Overdrive: Yes, Curve Optimizer Voltage Offsets: Yes, AMD Ryzen Master Support: Yes, CPU Boost Technology: Precision Boost 2, Instruction Set: x86-64, Supported Extensions: AES, AMD-V, AVX, AVX2, AVX512, FMA3, MMX(+), SHA, SSE, SSE2, SSE3, SSE4.1, SSE4.2, SSE4A, SSSE3, x86-64. Max. Operating Temperature (Tjmax): 95 Degree C. OS Support: Windows 11 - 64-Bit Edition Windows 10 - 64-Bit Edition RHEL x86 64-Bit Ubuntu x86 64-Bit (Operating System (OS) support will vary by manufacturer)., Specialty - Connectivity Detail: USB Type-C Support: Yes, Native USB 3.2 Gen 2 (10Gbps) Ports: 4, Native USB 2.0 (480Mbps) Ports: 1. NVMe Support: Boot, RAID0, RAID1, RAID10. System Memory Subtype: UDIMM, Max Memory Speed: 1x1R 5200 MT/s, 1x2R 5200 MT/s, 2x1R 3600 MT/s, 2x2R 3600 MT/s. Graphics Core Count: 2, Graphics Frequency: 2200 MHz, GPU Base: 400 MHz, USB Type-C DisplayPort Alternate Mode: Yes. Supported Technologies: AMD EXPO Technology, AMD Ryzen Technologies, Compatible Products - Chipsets: X670E, X670, B650E, B650, Warranty - 3 Year (No Warranty for Fan or Cooler), Country of Origin - USA</p>", "slug": "amd-ryzen-9-7950x-45ghz-57ghz-am5-socket-processor-4", "main_category": 1, "category": 1, "sub_category": 2, "section": 1}}, {"model": "Products.products", "pk": 6, "fields": {"Total_quantity": 60, "Availability": 55, "Image": "https://www.cloud.ryanscomputers.com/cdn/products/medium/gigabyte-z590-ud-ddr4-10th11th-gen-intel-lga1200-11615702592.webp", "Product_name": "Gigabyte Z590 UD DDR4 Intel Motherboard", "Price": 22130, "Discount_Price": "19917.00", "Discount": 10, "Product_information": "<h4>Quick Overview</h4>\r\n\r\n<ul>\r\n\t<li>Chipset - Intel Z590</li>\r\n\t<li>Generation - 10th/11th</li>\r\n\t<li>Memory Max. - 128GB</li>\r\n\t<li>Memory Slot - 4</li>\r\n\t<li>Supported CPU - 11th Gen: Intel Core i9, i7, i5 processors, 10th Gen: Intel Core i9, i7, i5, i3, Pentium, Celeron processors</li>\r\n\t<li>Sockets Supported - LGA1200</li>\r\n</ul>", "Tags": "Gigabyte Z590 UD", "Description": "<h2>Features of Gigabyte Z590 UD Motherboard In Bangladesh</h2>\r\n\r\n<p>Brand - Gigabyte, Model - Gigabyte Z590 UD, Chipset Brand - Intel, Chipset - Intel Z590 Express, CPU Sockets - Intel LGA1200, Supported CPU - 11th Gen: Intel Core i9, i7, i5 processors, 10th Gen: Intel Core i9, i7, i5, i3, Pentium, Celeron processors, Generation - 10th/11th Gen, Memory Type - DDR4, Memory MHz - 5333(O.C.)/ 5133(O.C.)/ 5000(O.C.)/ 4933(O.C.)/ 4800(O.C.)/ 4700(O.C.)/ 4600(O.C.)/ 4500(O.C.)/ 4400(O.C.)/ 4300(O.C.)/4266(O.C.) / 4133(O.C.)/ 4000(O.C.)/ 3866(O.C.)/ 3800(O.C.)/ 3733(O.C.)/ 3666(O.C.)/ 3600(O.C.)/ 3466(O.C.)/ 3400(O.C.)/ 3333(O.C.)/ 3300(O.C.)/ 3200(O.C.)/ 3000(O.C.)/ 2933/ 2800/ 2666/ 2400/ 2133 MHz, Memory Channel - Dual, Memory Slot - 4, Memory Max. - 128GB, Optane Memory Support - Yes, Graphics - Intel HD Graphics, Multi-GPU Support - AMD Quad-GPU CrossFire and 2-Way AMD CrossFire technologies, PCI Express Slot - 1 x PCI Express x16 running at x16 (PCIEX16), 1 x PCI Express x16 running at x4 (PCIEX4), 2 x PCI Express x1, Storage Interface - 6Gb/s, M.2 Slot - 3 x M.2 slots (1 x M.2 type 2260/2280/22110 PCIe 4.0 x4 SSD), (1 x M.2 type 2260/2280/22110 SATA and PCIe 3.0 x4/x2 SSD), (1 x M.2 type 2260/2280/22110 PCIe 3.0 x4/x2 SSD)), LAN Chipset - Realtek 2.5GbE LAN, LAN Speed (Mbps) - 2.5 Gbit/1 Gbit/100 Mbit, Audio Chipset - Realtek audio CODEC, Audio Channel - 2/4/5.1/7.1-channel, Wi-Fi - No, USB Port - 5 x USB 3.2 Gen 1, 1 x USB 3.2 Gen 1 Type-C, 2 x USB 3.2 Gen 2 Type-A, 4 x USB 2.0, DisplayPort (DP) - 1, SATA Port - 5, BIOS Type - 1 x 256 Mbit flash, BIOS Model - AMI UEFI BIOS, BIOS Version - PnP 1.0a, DMI 2.7, WfM 2.0, SM BIOS 2.7, ACPI 5.0, CrossFire Support - No, Sli Support - No, RaidSupport - 0, 1, 5, 10, Thunderbolt - 2, TPM Port - Yes, RGB Support - Yes, RGB Sync - RGB Fusion 2.0, RGB Connector - 2 x RGB LED strip headers, Form Factor - ATX, Supported Operating System - Windows 10, Special Features - Intel Z590 Ultra Durable Motherboard with Direct 12+1 Phases Digital VRM and DrMOS, Full PCIe 4.0* Design, Extended Thermal Design with Integrated IO Armor, PCIe 4.0 M.2 with Thermal Guard, 2.5GbE Gaming LAN, USB TYPE-C, RGB FUSION 2.0, Q-Flash Plus, Others - 1 x 24-pin ATX main power connector 1 x 8-pin ATX 12V power connector 1 x 4-pin ATX 12V power connector 1 x CPU fan header 4 x system fan headers 2 x addressable LED strip headers, 1 x Q-Flash Plus button, 1 x front panel header 1 x front panel audio header 1 x S/PDIF Out header, 1 x Trusted Platform Module header, 1 x serial port header 1 x Clear CMOS jumper, 1 x PS/2 keyboard/mouse port, 1 x RJ-45 port 3 x audio jacks, Warranty - 3 Year</p>", "slug": "gigabyte-z590-ud-ddr4-intel-motherboard", "main_category": 1, "category": 2, "sub_category": 3, "section": 1}}, {"model": "Products.products", "pk": 7, "fields": {"Total_quantity": 36, "Availability": 30, "Image": "https://www.cloud.ryanscomputers.com/cdn/products/medium/gskill-trident-z-royal-16gb-ddr4-3200mhz-desktop-11621773936.webp", "Product_name": "G.Skill Trident Z Royal 16GB DDR4 3200MHz Desktop RAM", "Price": 7380, "Discount_Price": "6789.60", "Discount": 8, "Product_information": "<h4>Quick Overview</h4>\r\n\r\n<ul>\r\n\t<li>RAM Type - DDR4</li>\r\n\t<li>RGB Fusion - Asus Aura Sync, Gigabyte RGB Fusion, MSI Mystic Light, ASRock Polychrome Sync.</li>\r\n\t<li>Number of Pin - 288 Pin</li>\r\n\t<li>Bus Speed(MHz) - 3200MHz</li>\r\n\t<li>Capacity (GB/TB) - 16GB</li>\r\n</ul>", "Tags": "G.Skill Trident Z Royal 16GB", "Description": "<h2>Features of G.Skill Trident Z Royal Desktop Ram In Bangladesh</h2>\r\n\r\n<p>Brand - G.Skill, Model - G.Skill Trident Z Royal, Series - Trident Z, Capacity - 16GB, Type - DDR4, Bus Speed(MHz) - 3200 MHz, Number of Pin - 288 Pin, CAS Latency - 16-18-18-38, Voltage - 1.35V, LED Lighting - RGB, Registered/Unbuffered - Unbuffered, Performance Profile - XMP 2.0, Error Checking - Non-ECC, Others - Intel XMP 2.0 (Extreme Memory Profile) Ready, Specialty - Trident Z Royal is the latest addition to the Trident Z flagship family and features a crown jewel design. Meticulously crafted to display just the right amount of light refraction, the crystalline light bar scatters the RGB colors in a magnificent display of LED lighting. Mirroring the high-class light bar design, polished aluminum heatspreaders of gold or silver colors cools the memory modules in the award-winning classic Trident Z tri-fin design., Part No - F4-3200C16D-32GTRS, Warranty - Product LifeTime</p>", "slug": "gskill-trident-z-royal-16gb-ddr4-3200mhz-desktop-ram", "main_category": 1, "category": 3, "sub_category": 7, "section": 1}}, {"model": "Products.products", "pk": 8, "fields": {"Total_quantity": 50, "Availability": 50, "Image": "https://www.cloud.ryanscomputers.com/cdn/products/medium/gigabyte-ga-h81m-s2ph-ddr3-4th-genlga1150-socket-11600930908.webp", "Product_name": "Gigabyte GA-H81M-S2PH DDR3 Motherboard", "Price": 7600, "Discount_Price": "6460.00", "Discount": 15, "Product_information": "<ul>\r\n\t<li>Chipset - Intel H81</li>\r\n\t<li>Generation - 4th</li>\r\n\t<li>Memory Max. - 16GB</li>\r\n\t<li>Memory Slot - 2</li>\r\n\t<li>Supported CPU - Intel Core i7/ i5/ i3/ Pentium/ Celeron processor</li>\r\n\t<li>Sockets Supported - LGA1150</li>\r\n</ul>", "Tags": "Motherboard, Gigabyte", "Description": "<h2>Features of Gigabyte GA-H81M-S2PH Motherboard In Bangladesh</h2>\r\n\r\n<p>Brand - Gigabyte, Model - Gigabyte GA-H81M-S2PH, Chipset Brand - Intel, Chipset - Intel H81 Express, CPU Sockets - LGA1150, Supported CPU - Intel Core i7/ i5/ i3/ Pentium/ Celeron processor, Generation - 4th, Memory Type - DDR3, Memory MHz - 1600/1333MHz, Memory Channel - Dual Channel, Memory Slot - 2, Memory Max. - 16GB, Optane Memory Support - No, Graphics - Intel HD Graphics, Multi-GPU Support - No, PCI Express Slot - 1 x PCI Express x16, Storage Interface - 6Gb/s, 3Gb/s, M.2 Slot - No, LAN Chipset - Realtek GbE LAN, LAN Speed (Mbps) - 10/100/1000 Mbit, Audio Chipset - Realtek ALC887 codec, Audio Channel - 2/4/5.1/7.1 Channel, Wi-Fi - No, Bluetooth - No, USB Port - 2 x USB 3.0/2.0, 6 x USB 2.0/1.1, VGA Port - 1, DVI Port - No, HDMI Port - 1, DisplayPort (DP) - No, IDE Port - No, SATA Port - 2 x SATA 6Gb/s, 2 x SATA 3Gb/s, BIOS Type - 2 x 64 Mbit, BIOS Model - AMI EFI BIOS, BIOS Version - PnP 1.0a, DMI 2.7, WfM 2.0, SM BIOS 2.7, ACPI 5.0, FireWire - No, CrossFire Support - No, Sli Support - No, RaidSupport - No, Thunderbolt - No, TPM Port - No, COM Port - No, RGB Support - No, Form Factor - Micro-ATX, Supported Operating System - Windows 11 / 10 / 8.1 / 8 / 7, Warranty - 3 year</p>\r\n\r\n<h2>What is the price of Gigabyte GA-H81M-S2PH Motherboard In Bangladesh?</h2>\r\n\r\n<p>The price of Gigabyte GA-H81M-S2PH Motherboard starts from 7,600 . The price may vary due to your customization and product availability. You can buy Gigabyte GA-H81M-S2PH Motherboard from our website or visit our showrooms nearby.</p>", "slug": "gigabyte-GA-H81M-S2PH-motherboard", "main_category": 1, "category": 2, "sub_category": 3, "section": 1}}, {"model": "Products.products", "pk": 9, "fields": {"Total_quantity": 10, "Availability": 10, "Image": "https://www.cloud.ryanscomputers.com/cdn/products/medium/msi-b450-gaming-plus-max-ddr4-amd-am4-socket-11567601319.webp", "Product_name": "MSI B450 Gaming Plus MAX AMD Motherboard", "Price": 13400, "Discount_Price": "12060.00", "Discount": 10, "Product_information": "<h4>&nbsp;</h4>\r\n\r\n<ul>\r\n\t<li>Chipset - AMD B450</li>\r\n\t<li>Generation - Not Applicable</li>\r\n\t<li>Memory Max. - 64GB</li>\r\n\t<li>Memory Slot - 4</li>\r\n\t<li>Supported CPU - AMD Ryzen 1st/2nd/3rd Generation / Ryzen with Radeon Vega Graphics Processors &amp; Athlon with Radeon Vega Graphics</li>\r\n\t<li>Sockets Supported - AM4</li>\r\n</ul>", "Tags": "Motherboard, MSI, price", "Description": "<h2>Features of MSI B450 Gaming Plus MAX Motherboard In Bangladesh</h2>\r\n\r\n<p>Built on the AMD B450 chipset, the&nbsp;<strong>MSI B450 GAMING PLUS MAX AM4 ATX Motherboard</strong>&nbsp;supports 3rd generation AMD Ryzen processors with the AM4 socket. Its four memory slots support a max of 64GB of DDR4 RAM that can be overclocked up to 4133 MHz. For storage, there are six SATA III ports as well as an M.2 slot utilizing the PCIe 3.0 x4 interface. While the motherboard is equipped with DVI-D and HDMI outputs for integrated graphics, it also has a PCIe 3.0 x16 slot for a dedicated graphics card. Other notable integrated features include Realtek ALC 892 7.1-Channel HD Audio and Realtek 8111H Gigabit LAN. This motherboard features PCIe steel armor and slot to protect GPUs from bending and EMI. Equipped with Core Boost, DDR4 Boost, Turbo M.2, a Flash BIOS button, and a USB 3.2 Gen 2 connector, the B450 GAMING PLUS MAX provides the performance you need to build your own gaming rig.</p>\r\n\r\n<p>&nbsp;</p>\r\n\r\n<p>&nbsp;</p>\r\n\r\n<h2>AMD B450 Chipset</h2>\r\n\r\n<p>The AMD B450 chipset delivers high performance and flexibility with the AMD AM4-socket Ryzen processors. It offers AMD StoreMI storage acceleration technology.</p>\r\n\r\n<h2>Additional Features</h2>\r\n\r\n<ul>\r\n\t<li>AMD Turbo USB 3.2 Gen 2</li>\r\n\t<li>Turbo M.2</li>\r\n\t<li>Flash BIOS Button</li>\r\n\t<li>Audio Boost</li>\r\n\t<li>Core Boost</li>\r\n\t<li>DDR4 Boost</li>\r\n\t<li>2-Way AMD CrossFire Support</li>\r\n\t<li>EZ Debug LED</li>\r\n</ul>\r\n\r\n<p>&nbsp;</p>\r\n\r\n<p>&nbsp;</p>\r\n\r\n<p>&nbsp;</p>\r\n\r\n<p>&nbsp;</p>\r\n\r\n<p>Brand - MSI, Model - MSI B450 Gaming Plus MAX, Chipset Brand - AMD, Chipset - AMD B450 Chipset, CPU Sockets - AM4, Supported CPU - AMD Ryzen 1st/2nd/3rd Generation / Ryzen with Radeon Vega Graphics Processors &amp; Athlon with Radeon Vega Graphics, Memory Type - DDR4, Memory MHz - 1866/ 2133/ 2400/ 2667Mhz by JEDEC, AMD Ryzen Gen3 (R5/R7/R9) (2667/ 2800/ 2933/ 3000/ 3066/ 3200/ 3466/ 3733/ 3866/ 4000/ 4133MHz) (by A-XMP OC MODE), AMD Other CPU (2667/ 2800/ 2933/ 3000/ 3066/ 3200/ 3466MHz) (by A-XMP OC MODE), Memory Channel - Dual Channel, Memory Slot - 4, Memory Max. - 64GB, Optane Memory Support - No, Graphics - Onboard Graphics, Multi-GPU Support - 2-Way AMD CrossFire, PCI Express Slot - 1 x PCIe 3.0 x16 slot (PCI_E1), 1 x PCIe 2.0 x16 slot (PCI_E4, supports x4 mode), 4 x PCIe 2.0 x1 slots, Storage Interface - 6Gb/s, M.2 Slot - 1 x M.2 slot (PCIe 3.0 x4 or PCIe 3.0 x2 and SATA 2242/ 2260/ 2280/ 22110 storage devices), LAN Chipset - Realtek 8111H, LAN Speed (Mbps) - 10/100/1000Mbps, Audio Chipset - Realtek ALC892, Audio Channel - 7.1-Channel, Wi-Fi - No, Bluetooth - No, USB Port - 2 x USB3.2 Gen 2 Type-A, 4 x USB3.2 Gen 1 Type-A, 6 x USB2.0, VGA Port - No, DVI Port - 1, HDMI Port - 1, DisplayPort (DP) - No, IDE Port - No, SATA Port - 2 x SATA, 4 x SATA, DirectX Support - 12, FireWire - No, CrossFire Support - Yes, Sli Support - No, RaidSupport - 0,1,10, Thunderbolt - No, TPM Port - Yes, COM Port - No, RGB Support - No, Form Factor - ATX, Supported Operating System - Windows 7 / 10, Special Features - Satisfying gamers with what they really need, B450 GAMING PLUS MAX is equipped with Core boost, Turbo M.2, DDR4 Boost, USB 3.2 Gen2 Connector, Lightning Fast Game experience, Flash BIOS Button, Advanced technology to deliver pure data signals for the best gaming performance and stability, Gaming heatsinks with Passion Red scheme for maximum cooling and performance, PCI-E Steel Armor, PCI-E Steel Slot, Audio Boost with amplifier, Golden Audio Jacks, Others - 1 x M.2 slot, 1 x 4-pin CPU fan connector, 1 x 4-pin water-pump-fan connector, 1 x TPM module connector, 1 x Front panel audio connector, 1 x Serial port connector, 1 x Parallel port connector, 1 x Clear CMOS jumper, 9 mounting holes, Warranty - 3 Year, Country of Origin - Taiwan, Made in/ Assemble - China</p>\r\n\r\n<h2>What is the price of MSI B450 Gaming Plus MAX Motherboard In Bangladesh?</h2>\r\n\r\n<p>The price of MSI B450 Gaming Plus MAX Motherboard starts from 13,400 . The price may vary due to your customization and product availability. You can buy MSI B450 Gaming Plus MAX Motherboard from our website or visit our showrooms nearby.</p>", "slug": "MSI-B450-gaming-plus-max-motherboard", "main_category": 1, "category": 2, "sub_category": 4, "section": 2}}, {"model": "Products.products", "pk": 10, "fields": {"Total_quantity": 20, "Availability": 15, "Image": "https://www.cloud.ryanscomputers.com/cdn/products/medium/asus-tuf-gaming-b760m-plus-d4-wi-fi-6-ddr4-21677560468.webp", "Product_name": "Asus TUF GAMING B760M-PLUS D4 (Wi-Fi 6) DDR4 Intel Motherboard", "Price": 27000, "Discount_Price": "24570.00", "Discount": 9, "Product_information": "<ul>\r\n\t<li>Chipset - Intel B760</li>\r\n\t<li>Generation - 12th/13th</li>\r\n\t<li>Memory Max. - 128GB</li>\r\n\t<li>Memory Slot - 4</li>\r\n\t<li>Supported CPU - 13th Gen Intel Core &amp; 12th Gen Intel Core, Pentium Gold and Celeron Processors.</li>\r\n\t<li>Sockets Supported - LGA1700</li>\r\n</ul>", "Tags": "Asus, Motherboard, Price", "Description": "<h2>Features of Asus TUF GAMING B760M-PLUS D4 (Wi-Fi 6) Motherboard In Bangladesh</h2>\r\n\r\n<p>TUF GAMING B760M-PLUS WIFI D4 takes all the essential elements of the latest Intel&reg;&nbsp;processors and combines them with game-ready features and proven durability. Engineered with military-grade components, an upgraded power solution and a comprehensive cooling system, this motherboard goes beyond expectations with rock-solid performance for marathon gaming. TUF GAMING motherboards also undergo rigorous endurance testing to ensure that they can handle conditions where others may fail. Aesthetically, this model incorporates an embossed nameplate and geometric design elements to reflect the dependability and stability that defines the TUF GAMING series.</p>", "slug": "gaming-asus-b760m-olus-d4-motherboard", "main_category": 1, "category": 2, "sub_category": 5, "section": 3}}, {"model": "Products.products", "pk": 11, "fields": {"Total_quantity": 25, "Availability": 20, "Image": "https://www.cloud.ryanscomputers.com/cdn/products/medium/corsair-vengeance-rgb-rs-8gb-ddr4-3200mhz-black-11639800869.webp", "Product_name": "Corsair Vengeance RGB RS 8GB DDR4 3200MHz Black Heatsink Desktop", "Price": 3650, "Discount_Price": "3467.50", "Discount": 5, "Product_information": "<ul>\r\n\t<li>RAM Type - DDR4</li>\r\n\t<li>RGB Fusion - Not Specified</li>\r\n\t<li>Number of Pin - 288 Pin</li>\r\n\t<li>Bus Speed(MHz) - 3200MHz</li>\r\n\t<li>Capacity (GB/TB) - 8GB</li>\r\n</ul>", "Tags": "ram, corsair, price", "Description": "<h2>Features of Corsair Vengeance RGB RS Desktop Ram In Bangladesh</h2>\r\n\r\n<p>Brand - Corsair, Model - Corsair Vengeance RGB RS, Series - Vengeance, Capacity - 8GB, Type - DDR4, Bus Speed(MHz) - 3200MHz, Number of Pin - 288-pin, CAS Latency - 16-20-20-38, Voltage - 1.35V, Speed Rating - PC4-25600 (3200MHz), LED Lighting - RGB, Compatibility - Intel 300 Series, Intel 400 Series, Intel 500 Series, Intel 600 Series, AMD 300 Series, AMD 400 Series, AMD 500 Series, Others - Single Zone / Multi-Zone Lighting: Dynamic Multi-Zone, Heat Spreader: Anodized Aluminum, Package Memory Format: DIMM, Performance Profile: XMP 2.0, Specialty - Dynamic RGB Lighting, Andoized Aluminum Heatspreade Engineered for Performance, Part No - CMG8GX4M1E3200C16, Warranty - Product LifeTime</p>\r\n\r\n<h2>What is the price of Corsair Vengeance RGB RS Desktop Ram In Bangladesh?</h2>\r\n\r\n<p>The price of Corsair Vengeance RGB RS Desktop Ram starts from 3,650 . The price may vary due to your customization and product availability. You can buy Corsair Vengeance RGB RS Desktop Ram from our website or visit our showrooms nearby.</p>", "slug": "corsair-ram-rs-8gb", "main_category": 1, "category": 3, "sub_category": 8, "section": 4}}, {"model": "Products.products", "pk": 12, "fields": {"Total_quantity": 40, "Availability": 40, "Image": "https://www.cloud.ryanscomputers.com/cdn/products/medium/kingston-fury-beast-8gb-ddr4-3200mhz-desktop-ram-11653731212.webp", "Product_name": "Kingston FURY Beast 8GB DDR4 3200MHz Desktop RAM #KF432C16BB/8", "Price": 2700, "Discount_Price": "2430.00", "Discount": 10, "Product_information": "<ul>\r\n\t<li>RAM Type - DDR4</li>\r\n\t<li>RGB Fusion - Not Specified</li>\r\n\t<li>Number of Pin - 288 Pin</li>\r\n\t<li>Bus Speed(MHz) - 3200MHz</li>\r\n\t<li>Capacity (GB/TB) - 8GB</li>\r\n</ul>", "Tags": "ram", "Description": "", "slug": "kingston-fury-beast-8gb-ddr4-3200mhz-desktop-ram-kf432c16bb8", "main_category": 1, "category": 3, "sub_category": 9, "section": 1}}, {"model": "Products.products", "pk": 13, "fields": {"Total_quantity": 40, "Availability": 40, "Image": "https://www.cloud.ryanscomputers.com/cdn/products/medium/kingston-fury-beast-8gb-ddr4-3200mhz-desktop-ram-11653731212.webp", "Product_name": "Kingston FURY Beast 8GB DDR4 3200MHz Desktop RAM #KF432C16BB/8", "Price": 2700, "Discount_Price": "2430.00", "Discount": 10, "Product_information": "<ul>\r\n\t<li>RAM Type - DDR4</li>\r\n\t<li>RGB Fusion - Not Specified</li>\r\n\t<li>Number of Pin - 288 Pin</li>\r\n\t<li>Bus Speed(MHz) - 3200MHz</li>\r\n\t<li>Capacity (GB/TB) - 8GB</li>\r\n</ul>", "Tags": "ram, kingstar, price", "Description": "<h2>Features of Kingston FURY Beast 8GB Desktop Ram In Bangladesh</h2>\r\n\r\n<p>Brand - Kingston, Model - Kingston FURY Beast 8GB, Capacity - 8GB, Type - DDR4, Bus Speed(MHz) - 3200MHz, Number of Pin - 288 Pin, CAS Latency - 16-18-18, Voltage - 1.35V, Performance Profile - XMP 2.0, Operating Temperature - 0 Degree C to + 85 Degree C, Storage Temperature - -55 Degree C to + 100 Degree C, Color - Black, Others - CL(IDD): 17 cycles, Row Cycle Time (tRCmin): 45.75ns(min.), Refresh to Active/Refresh Command Time (tRFCmin): 350ns(min.), Row Active Time (tRASmin): 32ns(min.), UL Rating: 94 V - 0, Power Supply: VDD = 1.2V Typical, VDDQ = 1.2V Typical, VPP = 2.5V Typical, VDDSPD = 2.2V to 3.6V, On-Die termination (ODT), 16 internal banks; 4 groups of 4 banks each, Bi-Directional Differential Data Strobe, 8 bit pre-fetch, Burst Length (BL) switch on-the-fly BL8 or BC4(Burst Chop), Height 1.34 Inch (34mm), w/heatsink, Specialty - Supports Intel Extreme Memory Profiles (Intel XMP) 2.0. Each module has been tested to run at DDR4-3200 at a low latency timing of 16-18-18 at 1.35V. The SPDs are programmed to JEDEC standard latency DDR4-2400 timing of 17-17-17 at 1.2V. Each 288-pin DIMM uses gold contact fingers., Part No - KF432C16BB/8, Warranty - Product LifeTime</p>\r\n\r\n<h2>What is the price of Kingston FURY Beast 8GB Desktop Ram In Bangladesh?</h2>\r\n\r\n<p>The price of Kingston FURY Beast 8GB Desktop Ram starts from 2,700 . The price may vary due to your customization and product availability. You can buy Kingston FURY Beast 8GB Desktop Ram from our website or visit our showrooms nearby.</p>", "slug": "kingston-ram-fury-8gb", "main_category": 1, "category": 3, "sub_category": 9, "section": 1}}, {"model": "Products.products", "pk": 14, "fields": {"Total_quantity": 50, "Availability": 30, "Image": "https://www.cloud.ryanscomputers.com/cdn/products/medium/a-data-8gb-ddr4-2666-bus-desktop-11551617596.webp", "Product_name": "Adata Premier 8GB DDR4 2666MHz Desktop RAM #AD4U266638G19-R", "Price": 3000, "Discount_Price": "2850.00", "Discount": 5, "Product_information": "<ul>\r\n\t<li>RAM Type - DDR4</li>\r\n\t<li>RGB Fusion - No</li>\r\n\t<li>Number of Pin - 288 Pin</li>\r\n\t<li>Bus Speed(MHz) - 2666MHz</li>\r\n\t<li>Capacity (GB/TB) - 8GB</li>\r\n</ul>", "Tags": "ram, adata, price", "Description": "<h2>Features of Adata Premier 8GB Desktop Ram In Bangladesh</h2>\r\n\r\n<p>ADATA Premier DDR4 2666 unbuffered-DIMM memory is the latest upgrade solution that supports Intel&#39;s newest platforms for faster data transfer and enhanced power efficiency. Utilizing a 288-pin design, operating voltage has been reduced from 1.5V on DDR3 to 1.2V, which not only helps save power by 20%, but also boosts transfer bandwidth speed to 21.3GB/s. Every chip in ADATA memory modules meets strict JEDEC and RoHS standards, ensuring compatibility, stability, and environmentally friendly products.</p>", "slug": "adata-premier-8gbr4-2666mhz-ram", "main_category": 1, "category": 3, "sub_category": 10, "section": 2}}, {"model": "Products.products", "pk": 15, "fields": {"Total_quantity": 20, "Availability": 18, "Image": "https://www.cloud.ryanscomputers.com/cdn/products/medium/gigabyte-geforce-gtx-1050-ti-windforce-oc-4gb-11546337295.webp", "Product_name": "Gigabyte GeForce GTX 1050 Ti Windforce OC 4GB GDDR5 Graphics Card", "Price": 22000, "Discount_Price": "18700.00", "Discount": 15, "Product_information": "<ul>\r\n\t<li>Chipset - NVIDIA GeForce</li>\r\n\t<li>VGA Port - No</li>\r\n\t<li>HDMI Port - 3</li>\r\n\t<li>Capacity (GB/TB) - 4GB</li>\r\n\t<li>Graphics Resolution Max. - 4096x2160</li>\r\n\t<li>Multi Display Capability - Quad Display</li>\r\n</ul>", "Tags": "gigabyte, graphics,card, price", "Description": "<h2>Features of Gigabyte GeForce GTX 1050 Ti GV-N105TWF2OC-4GD Graphics Card In Bangladesh</h2>\r\n\r\n<p>Brand - Gigabyte, Chipset Vendor - NVIDIA GeForce, Series - GTX 1000, Chipset Model - GeForce GTX 1050 Ti, Model - Gigabyte GeForce GTX 1050 Ti GV-N105TWF2OC-4GD, Engine Clock - Base-1354MHz / Boost-1468MHz (OC), Base-1328MHz / Boost-1442MHz (Gaming), Memory Clock - 7008 MHz, Memory Size - 4 GB, Memory Bus - 128-bit, Memory Type - GDDR5, Interface - PCI-Express 3.0, Digital Max Resolution - 4096x2160, DirectX - 12, OpenGL - 4.5, DVI Port - 1, HDMI Port - 3, Displayport - 1, Power Consumption - 75 W, Recommended PSU - 300W, Power Connectors - 6-pin x 1, Multi Display Capability - Quad Display, Cooling Fan - Dual, PCB Form - ATX, Part No - GV-N105TWF2OC-4GD, Warranty - 2 year (no warranty for mining)</p>\r\n\r\n<h2>What is the price of Gigabyte GeForce GTX 1050 Ti GV-N105TWF2OC-4GD Graphics Card In Bangladesh?</h2>\r\n\r\n<p>The price of Gigabyte GeForce GTX 1050 Ti GV-N105TWF2OC-4GD Graphics Card starts from 22,000 . The price may vary due to your customization and product availability. You can buy Gigabyte GeForce GTX 1050 Ti GV-N105TWF2OC-4GD Graphics Card from our website or visit our showrooms nearby.</p>", "slug": "gigabyte-gtx-1050-ti", "main_category": 1, "category": 4, "sub_category": 11, "section": 1}}, {"model": "Products.products", "pk": 16, "fields": {"Total_quantity": 30, "Availability": 25, "Image": "https://www.cloud.ryanscomputers.com/cdn/products/medium/msi-geforce-gt-1030-aero-itx-2gd4-oc-2gb-gddr4-11639994622.webp", "Product_name": "MSI GeForce GT 1030 AERO ITX 2GD4 OC 2GB GDDR4 Graphics Card", "Price": 11000, "Discount_Price": "9900.00", "Discount": 10, "Product_information": "<ul>\r\n\t<li>Chipset - NVIDIA GeForce</li>\r\n\t<li>VGA Port - No</li>\r\n\t<li>HDMI Port - 1</li>\r\n\t<li>Capacity (GB/TB) - 2GB</li>\r\n\t<li>Graphics Resolution Max. - 7680 x 4320</li>\r\n\t<li>Multi Display Capability - Dual Display</li>\r\n</ul>", "Tags": "graphics card, msi,price", "Description": "<h2>Features of MSI GeForce GT 1030 AERO ITX 2GD4 OC Graphics Card In Bangladesh</h2>\r\n\r\n<p>Brand - MSI, Chipset Vendor - NVIDIA GeForce, Series - GT 1000, Chipset Model - GeForce GT 1030, Model - MSI GeForce GT 1030 AERO ITX 2GD4 OC, CUDA Core / Stream Processors - 384, Base Engine Clock Speed - 1189 MHz, Boost Engine Clock Speed - 1430 MHz, Memory Clock - 2100 MHz, Memory Size - 2GB, Memory Bus - 64-bit, Memory Type - GDDR4, Interface - PCI Express 3.0, DirectX - 12, OpenGL - 4.5, DVI Port - 1, HDMI Port - 1, Power Consumption - 20W, Recommended PSU - 300W, Multi Display Capability - Dual Display, Card Dimension - 147 x 102 x 38 mm, HDCP Support - Yes, Others - Afterburner OC: Yes, Specialty - Military Class 4 Components: Using only the highest quality components means you get reliable and stable in-game performance. OC PERFORMANCE: MSI OC graphics cards are equipped with higher clock speeds out of the box for increased performance. SMALL FORM FACTOR: MSI AERO ITX cards offer the power of a full size graphics card in an incredibly small package. PASCAL PERFORMANCE: Pascal-powered graphics cards give you superior performance and power efficiency to deliver the best gaming experiences. 10 years long lifetime under full load. Lower temperature and higher efficiency. Aluminum core for higher stability. Wireless control through Android/iOS devices. Predator: In-game video recording. Ensures the best gaming experience by automatically updating users game-ready drivers. Allows users to optimize the game settings to their PC with a single click., Warranty - 3 Year (No Warranty For Mining)</p>\r\n\r\n<h2>What is the price of MSI GeForce GT 1030 AERO ITX 2GD4 OC Graphics Card In Bangladesh?</h2>\r\n\r\n<p>The price of MSI GeForce GT 1030 AERO ITX 2GD4 OC Graphics Card starts from 11,000 . The price may vary due to your customization and product availability. You can buy MSI GeForce GT 1030 AERO ITX 2GD4 OC Graphics Card from our website or visit our showrooms nearby.</p>", "slug": "msi-geforce-gt-1030-aero-itx-2gd4", "main_category": 1, "category": 4, "sub_category": 12, "section": 2}}, {"model": "Products.products", "pk": 17, "fields": {"Total_quantity": 40, "Availability": 30, "Image": "https://www.cloud.ryanscomputers.com/cdn/products/medium/bundle-with-pc-asus-phoenix-radeon-rx-550-4gb-11599114301.webp", "Product_name": "Asus Phoenix Radeon RX 550 4GB GDDR5 Graphics Card #PH-RX550-4G-EVO", "Price": 14000, "Discount_Price": "13300.00", "Discount": 5, "Product_information": "<ul>\r\n\t<li>Chipset - AMD Radeon</li>\r\n\t<li>VGA Port - No</li>\r\n\t<li>HDMI Port - 1</li>\r\n\t<li>Capacity (GB/TB) - 4GB</li>\r\n\t<li>Graphics Resolution Max. - 5120x2880</li>\r\n\t<li>Multi Display Capability - Triple Display</li>\r\n</ul>", "Tags": "graphics card, asus, price", "Description": "<h2>Features of Asus Phoenix Radeon RX 550 Graphics Card In Bangladesh</h2>\r\n\r\n<p>Brand - Asus, Chipset Vendor - AMD Radeon, Series - RX 500, Chipset Model - Radeon RX 550, Model - Asus Phoenix Radeon RX 550, CUDA Core / Stream Processors - 512 (Stream), Engine Clock - Base-1183MHz, Memory Clock - 6000 MHz, Memory Size - 4GB, Memory Bus - 128-bit, Memory Type - GDDR5, Interface - PCI Express 3.0, Digital Max Resolution - 5120x2880, OpenGL - 4.5, DVI Port - 1, HDMI Port - 1, Displayport - 1, Power Consumption - 50W, Recommended PSU - 350W, Multi Display Capability - Triple Display, Card Dimension - 192 x 115 x 39mm, HDCP Support - Yes, Cooling Fan - Single, Others - HDCP Support: Yes (2.2), Slot: 2 slot, HDMI: 2.0b, DisplayPort: 1.4, Specialty - Designed to bring durable performance to compact PC builds, IP5X dust resistance offers protection from particle ingress for better durability, Dual ball fan bearings can last up to twice as long as sleeve bearing designs, Auto-Extreme Technology uses automation to enhance reliability, A compact design maximizes compatibility, AMD Radeon FreeSync offers stutter-free and tear-free gaming with FreeSync monitors, A 144-hour validation program puts cards through a series of stringent tests to ensure compatibility with the latest games, Part No - PH-RX550-4G-EVO, Warranty - 3 Year Replacement (No Warranty For Mining)</p>\r\n\r\n<h2>What is the price of Asus Phoenix Radeon RX 550 Graphics Card In Bangladesh?</h2>\r\n\r\n<p>The price of Asus Phoenix Radeon RX 550 Graphics Card starts from 14,000 . The price may vary due to your customization and product availability. You can buy Asus Phoenix Radeon RX 550 Graphics Card from our website or visit our showrooms nearby.</p>", "slug": "asus-phoniex-rx-550-graphics", "main_category": 1, "category": 4, "sub_category": 13, "section": 2}}, {"model": "Products.products", "pk": 18, "fields": {"Total_quantity": 30, "Availability": 25, "Image": "https://www.cloud.ryanscomputers.com/cdn/products/medium/bundle-with-pc-zotac-gaming-geforce-rtx-3060-11614762091.webp", "Product_name": "Zotac Gaming GeForce RTX 3060 Twin Edge OC 12GB GDDR6 Graphics", "Price": 454000, "Discount_Price": "408600.00", "Discount": 10, "Product_information": "<ul>\r\n\t<li>Chipset - NVIDIA GeForce</li>\r\n\t<li>VGA Port - No</li>\r\n\t<li>HDMI Port - 1</li>\r\n\t<li>Capacity (GB/TB) - 12GB</li>\r\n\t<li>Graphics Resolution Max. - 7680 x 4320</li>\r\n\t<li>Multi Display Capability - Quad Display</li>\r\n</ul>", "Tags": "graphics card, zotex, price", "Description": "<h2>Features of Zotac Gaming GeForce RTX 3060 Graphics Card In Bangladesh</h2>\r\n\r\n<p>Brand - Zotac, Chipset Vendor - NVIDIA GeForce, Series - RTX 3000, Chipset Model - GeForce RTX 3060, Model - Zotac Gaming GeForce RTX 3060, CUDA Core / Stream Processors - 3584 (CUDA), Engine Clock - 1807 MHz, Memory Clock - 15 Gbps, Memory Size - 12GB, Memory Bus - 192-bit, Memory Type - GDDR6, Interface - PCI Express 4.0 16x, DirectX - 12 Ultimate, OpenGL - 4.6, HDMI Port - 1, Displayport - 3, Power Consumption - 170W, Recommended PSU - 600W, Power Connectors - 8-pin, Multi Display Capability - Quad Display, Card Dimension - 224.1 x 116.3 x 39.2mm, HDCP Support - Yes, 2.3, Cooling Fan - Dual fan, Supported OS - Windows 10, Others - 2-Year extended warranty may avail upon proper registration with zotac, DisplayPort version: 1.4a, HDMI version: 2.1, Slot: 2, 2nd Gen Ray Tracing Cores, 3rd Gen Tensor Cores, IceStorm 2.0 Advanced Cooling, Active Fan Control with FREEZE Fan Stop, Metal Backplate, FireStorm Utility, VR Ready, Specialty - Get Amplified with the ZOTAC GAMING GeForce RTX 30 Series based on the NVIDIA Ampere architecture. Built with enhanced RT Cores and Tensor Cores, new streaming multiprocessors, and high-speed GDDR6 memory, the ZOTAC GAMING GeForce RTX 3060 Twin Edge OC gives rise to amplified gaming with high fidelity., Part No - ZT-A30600H-10M, Warranty - 3 Year (No Warranty For Mining)</p>\r\n\r\n<h2>What is the price of Zotac Gaming GeForce RTX 3060 Graphics Card In Bangladesh?</h2>\r\n\r\n<p>The price of Zotac Gaming GeForce RTX 3060 Graphics Card starts from 45,400 . The price may vary due to your customization and product availability. You can buy Zotac Gaming GeForce RTX 3060 Graphics Card from our website or visit our showrooms nearby.</p>", "slug": "gaming-geforce-rtx-3060-graphicscard", "main_category": 1, "category": 4, "sub_category": 14, "section": 2}}, {"model": "Products.products", "pk": 19, "fields": {"Total_quantity": 20, "Availability": 18, "Image": "https://www.cloud.ryanscomputers.com/cdn/products/medium/cooler-master-mwe-gold-550-v2-full-modular-550w-11659178375.webp", "Product_name": "Cooler Master MWE Gold 550 V2 Full Modular 550W Power Supply #MPE-5501-AFAAG-IN", "Price": 8700, "Discount_Price": "8265.00", "Discount": 5, "Product_information": "<ul>\r\n\t<li>Type - ATX</li>\r\n\t<li>Fan Speed - 1500 RPM</li>\r\n\t<li>Efficiency - 90% Efficiency</li>\r\n\t<li>PSU Category - Full Modular</li>\r\n\t<li>Maximum Power - 550 Watt</li>\r\n\t<li>Efficiency Rating - 80 Plus Gold</li>\r\n</ul>", "Tags": "Power supply, cooler master, price", "Description": "<h2>Features of Cooler Master MWE Gold 550 V2 Power Supply In Bangladesh</h2>\r\n\r\n<p>Brand - Cooler Master, Model - Cooler Master MWE Gold 550 V2, Series - MWE Gold Series, PSU Category - Full Modular, Type - ATX, Maximum Power - 550 Watt, Input Voltage - 100-240V, Input Frequency Range - 47-63Hz, Input Current - 8-4A, Fan Size - 120mm, Fan Bearing - HDB, Fan Speed - 1500 RPM, Noise Level - 0 dBA (@ 20%), 17.7 dBA (@ 50%), 21 dBA (@ 100%), Efficiency - 90% Efficiency, 80 Plus/Efficiency Rating - 80 Plus Gold, Protection - OVP, OPP, OTP, SCP, OCP, UVP, Over Voltage Protection (OVP) - Yes, Over Power Protection (OPP) - Yes, Over Current Protection (OCP) - Yes, Over Temperature Protection (OTP) - Yes, Short Circuit Protection (SCP) - Yes, Under Voltage Protection (UVP) - Yes, ATX Main Connectors - 1, EPS Connectors - 2, PCIe Connectors - 2, SATA Power Connectors - 8, 4-Pin Peripheral Connectors - 4, PFC (Power Factor Correction) - Active PFC, Power Good Signal - 100 - 150 ms, Hold Up Time - &gt;100,000 Hours, Dimension (W/H/D) - 160 x 150 x 86mm, Regulatory / Safety Approval - TUV, CE, CCC, EAC, RCM, cTUVus, FCC, BSMI, BIS, UKCA, Others - ATX Version: ATX 12V Ver. 2.41, ErP 2014 Lot 3: Yes, Operating Temperature: 0 - 50 Degree C, Specialty - 80 Plus Gold Efficiency, 2 EPS Connectors, 120mm HDB Fan, High Temperature Resilience, Full Modular Cabling, Part No - MPE-5501-AFAAG-IN, Warranty - 5 Year, Country of Origin - Taiwan, Made in/ Assemble - China</p>\r\n\r\n<h2>What is the price of Cooler Master MWE Gold 550 V2 Power Supply In Bangladesh?</h2>\r\n\r\n<p>The price of Cooler Master MWE Gold 550 V2 Power Supply starts from 8,700 . The price may vary due to your customization and product availability. You can buy Cooler Master MWE Gold 550 V2 Power Supply from our website or visit our showrooms nearby.</p>", "slug": "cooler-master-mwe-gold-550", "main_category": 1, "category": 5, "sub_category": 15, "section": 1}}, {"model": "Products.products", "pk": 20, "fields": {"Total_quantity": 50, "Availability": 45, "Image": "https://www.cloud.ryanscomputers.com/cdn/products/medium/antec-meta-series-v550-550w-non-modular-black-11681537454.webp", "Product_name": "Antec META Series V550 550W Non Modular Black Power Supply", "Price": 3150, "Discount_Price": "3087.00", "Discount": 2, "Product_information": "<ul>\r\n\t<li>Type - ATX 12 Ver 2.31</li>\r\n\t<li>PSU Category - Non Modular</li>\r\n\t<li>Maximum Power - 550 Watt</li>\r\n</ul>", "Tags": "Power supply, antecr, price", "Description": "<h2>Features of Antec META Series V550 Power Supply In Bangladesh</h2>\r\n\r\n<p>Brand - Antec, Model - Antec META Series V550, Series - META, PSU Category - Non Modular, Type - ATX 12 Ver 2.31, Maximum Power - 550 Watt, Fan Size - 120mm, Lighting Effect - No, Lighting Type - No, Protection - OVP, OCP, SCP, NLO, Over Voltage Protection (OVP) - Yes, Over Power Protection (OPP) - No, Over Current Protection (OCP) - Yes, Over Temperature Protection (OTP) - No, Short Circuit Protection (SCP) - Yes, Under Voltage Protection (UVP) - No, ATX Main Connectors - 1, SATA Power Connectors - 5, 4-Pin Peripheral Connectors - 1, Form Factor - ATX, Color - Black, Others - Features a Thermal Manager, an advanced low voltage fan control for optimal heat &amp; noise management and will allow your PSU to stay at an optimal temperature. The 120 mm Silent Fan is ideal for quiet computing and is designed for longer life, guaranteeing hours of operation. 8(6+2) pin PCI-E Connectors x 2, Molex connectors x 2, FDD Connectors &nbsp;x 1, Specialty - High Efficiency - Produces less noise and less heat, 120mm Silent Fans - Low noise FAN, Thermal Manager - An advanced fan control for optimal heat &amp; noise management, CircuitShield - Industrial grade protections: OVP,OCP,SCP,NLO, Compatibility - Compliance with Intel ATX12 Ver2.31 standards, AQ2 - Antec Quality 2-Year warranty, Warranty - 2 Year, Country of Origin - USA, Made in/ Assemble - China</p>\r\n\r\n<h2>What is the price of Antec META Series V550 Power Supply In Bangladesh?</h2>\r\n\r\n<p>The price of Antec META Series V550 Power Supply starts from 3,150 . The price may vary due to your customization and product availability. You can buy Antec META Series V550 Power Supply from our website or visit our showrooms nearby.</p>", "slug": "antec-meta-series-v550-power-supply", "main_category": 1, "category": 5, "sub_category": 16, "section": 1}}, {"model": "Products.products", "pk": 21, "fields": {"Total_quantity": 30, "Availability": 25, "Image": "https://www.cloud.ryanscomputers.com/cdn/products/medium/deepcool-pk-d-series-pk550d-non-modular-550w-80-11668603765.webp", "Product_name": "Deepcool PK-D Series PK550D Non Modular 550W 80 Plus Bronze", "Price": 4750, "Discount_Price": "4512.50", "Discount": 5, "Product_information": "<ul>\r\n\t<li>Type - ATX12V V2.4</li>\r\n\t<li>Fan Speed - Not Specified</li>\r\n\t<li>Efficiency - 85% Efficiency</li>\r\n\t<li>PSU Category - Non Modular</li>\r\n\t<li>Maximum Power - 550 Watt</li>\r\n\t<li>Efficiency Rating - 80 Plus Bronze</li>\r\n</ul>", "Tags": "Power supply, deepcoolr, price", "Description": "<h2>Features of Deepcool PK-D Series PK550D Power Supply In Bangladesh</h2>\r\n\r\n<p>Brand - Deepcool, Model - Deepcool PK-D Series PK550D, Series - PK-D Series, PSU Category - Non Modular, Type - ATX12V V2.4, Maximum Power - 550 Watt, Fan Size - 120mm, Fan Bearing - Hypro Bearing, Efficiency - 85% Efficiency, 80 Plus/Efficiency Rating - 80 Plus Bronze, Protection - SCP, OPP, OTP, OVP, OCP, UVP, Over Voltage Protection (OVP) - Yes, Over Power Protection (OPP) - Yes, Over Current Protection (OCP) - Yes, Over Temperature Protection (OTP) - Yes, Short Circuit Protection (SCP) - Yes, Under Voltage Protection (UVP) - Yes, EPS Connectors - 2, PCIe Connectors - 2, SATA Power Connectors - 3, 4-Pin Peripheral Connectors - 1, PFC (Power Factor Correction) - Active, Power Good Signal - 100-150ms, Hold Up Time - &gt; - 16ms(80% Load), Operating Temperature - 0 - 40 degree C, MTBF - 100,000 Hours, Form Factor - ATX, Dimension (W/H/D) - 150 x 140 x 86mm, Color - Black, Regulatory / Safety Approval - CB/CE/FCC/CAN ICES-003(B)/NMB-003(B)/ TUV-RH/CCC/UKCA/EAC/RCM/BIS, Others - The DeepCool PK-D series power supply offers reliable 80 PLUS Bronze efficiency to power computer system builds with stability and low noise performance., Part No - R-PK550D-FA0B-UK, Warranty - 5 Year</p>\r\n\r\n<h2>What is the price of Deepcool PK-D Series PK550D Power Supply In Bangladesh?</h2>\r\n\r\n<p>The price of Deepcool PK-D Series PK550D Power Supply starts from 4,750 . The price may vary due to your customization and product availability. You can buy Deepcool PK-D Series PK550D Power Supply from our website or visit our showrooms nearby.</p>", "slug": "deepcooler-pk-d-series-pk550d", "main_category": 1, "category": 5, "sub_category": 17, "section": 3}}, {"model": "Products.products", "pk": 22, "fields": {"Total_quantity": 30, "Availability": 26, "Image": "https://www.cloud.ryanscomputers.com/cdn/products/medium/corsair-rm-series-rm650-650w-atx-fully-moduler-11643184574.webp", "Product_name": "Corsair RM Series RM650 650W ATX Fully M", "Price": 11200, "Discount_Price": "10080.00", "Discount": 10, "Product_information": "<ul>\r\n\t<li>Type - ATX12V v2.4</li>\r\n\t<li>Fan Speed - Not Specified</li>\r\n\t<li>Efficiency - 90% Efficiency</li>\r\n\t<li>PSU Category - Full Modular</li>\r\n\t<li>Maximum Power - 650 Watt</li>\r\n\t<li>Efficiency Rating - 80 Plus Gold</li>\r\n</ul>", "Tags": "Power supply, corsair, price", "Description": "<h2>Features of Corsair RM Series RM650 Power Supply In Bangladesh</h2>\r\n\r\n<p>Brand - Corsair, Model - Corsair RM Series RM650, Series - RM Series, PSU Category - Full Modular, Type - ATX12V v2.4, Maximum Power - 650 Watt, Input AC - 100 - 240V, Input Frequency Range - 47-63Hz, Input Current - 10A-5A, Fan Size - 135mm, Zero RPM Fan Mode - Yes, Fan Bearing - Rifle Bearing, Efficiency - 90% Efficiency, 80 Plus/Efficiency Rating - 80 Plus Gold, Over Voltage Protection (OVP) - Yes, Over Power Protection (OPP) - No, Over Current Protection (OCP) - No, Over Temperature Protection (OTP) - No, Short Circuit Protection (SCP) - No, Under Voltage Protection (UVP) - No, ATX Main Connectors - 1, EPS Connectors - 2, PCIe Connectors - 4, SATA Power Connectors - 7, 4-Pin Peripheral Connectors - 4, Cable Type - Type 4, Operating Temperature - 0 - +50 degree C, MTBF - 100,000 hours, Form Factor - ATX, Dimension (W/H/D) - 150 x 86 x 160mm, Weight (Kg) - 1.5, Others - ATX12V Version: v2.4, Continuous power: 650 Watts, Specialty - CORSAIR RM Series Fully Modular Ultra-Low Noise Power Supplies with triple/dual EPS12V connectors deliver consistent 80 PLUS Gold efficient power to your PC. CORSAIR RM Series Fully Modular Ultra-Low Noise Power Supplies with multiple EPS12V connectors deliver consistent 80 PLUS Gold efficient power to your PC and have all the connections needed to power todays most demanding PC upgrades., Part No - CP-9020233-UK, Warranty - 10 Year</p>\r\n\r\n<h2>What is the price of Corsair RM Series RM650 Power Supply In Bangladesh?</h2>\r\n\r\n<p>The price of Corsair RM Series RM650 Power Supply starts from 11,200 . The price may vary due to your customization and product availability. You can buy Corsair RM Series RM650 Power Supply from our website or visit our showrooms nearby.</p>", "slug": "rm-series-Rm650-power-supply", "main_category": 1, "category": 5, "sub_category": 18, "section": 1}}, {"model": "Products.products", "pk": 23, "fields": {"Total_quantity": 50, "Availability": 40, "Image": "https://www.cloud.ryanscomputers.com/cdn/products/medium/cooler-master-masterbox-mb400l-mini-tower-11603868179.webp", "Product_name": "Cooler Master MasterBox MB400L Mini Tower Black Gaming Desktop Casing #MCB-B400L-KG5N-S00", "Price": 3800, "Discount_Price": "3420.00", "Discount": 10, "Product_information": "<ul>\r\n\t<li>Case Type - Mini Tower</li>\r\n\t<li>Lighting Fan - No</li>\r\n\t<li>Optical Drive Bay - Yes</li>\r\n\t<li>Cooling Fan (Built-In) - 1</li>\r\n\t<li>Power Supply (Built-In) - No</li>\r\n</ul>", "Tags": "casing, price, cooler master", "Description": "<h2>Latest Cooler Master MasterBox MB400L Mini Tower Black Gaming Desktop Casing Price in Bangladesh</h2>\r\n\r\n<p>Cooler Master MasterBox MB400L is a popular Computer case name in Bangladesh. Before buying any desktop casing must you have read the Cooler Master MasterBox MB400L Mini Tower Black Gaming Desktop Casing review. Here we will discuss the Cooler Master casing all good or bad side. The Cooler Master Mini Tower supported Micro ATX, Mini ITX. 344mm is Graphics-Card Length and CPU cooler height is 166mm. The power supply unit(PSU) length is 140mm (HDD cage in backmost position), 325mm (w/o front radiator &amp; HDD cage). Cooler Master MasterBox MB400L Mini Tower Black Gaming Desktop Casing has No built-in power supply. Power Supply Type supports ATX type and Bottom mounted power supply. Let&rsquo;s talk about the MasterBox Series desktop casing fan &amp; radiator details. You will get one cooling fan and three cooler fan adds facility. Built in fan size is 120mm (Rear). Cooler Master MasterBox MB400L Mini Tower Black Gaming Desktop Casing offers two USB 3.2 Gen 1 front/top USB port, one 3.5mm Audio Jack, one 3.5mm Mic Jack Front/Top audio port, one 5.25 inch drive bay, two 3.5 Inch drive bay, two 2.5 inch drive bay and four expansion slots. The Cooler Master MasterBox MB400L Mini Tower Black Gaming Desktop Casing is made with Steel, Plastic, Tempered Glass. The available color in the BD market is Black. This is not a big case, it&rsquo;s size is 396 x 210 x 400mm. It&rsquo;s another great feature is dust protection, here use Front, Top &amp; Bottom cover with Dust filter. The Cooler Master MasterBox MB400L case weight is 5.47kg only. For your concern, the MasterBox Series Mini Tower has No warranty. Buy Cooler Master MasterBox MB400L computer case in Bangladesh from Ryans, the current price is given upper. Ryans offers you the best price in BD for Cooler Master MasterBox MB400L. So buy the Cooler Master MasterBox MB400L Mini Tower Black Gaming Desktop Casing from any branch or online.</p>\r\n\r\n<h2>What is the price of Cooler Master MasterBox MB400L Casing In Bangladesh?</h2>\r\n\r\n<p>The price of Cooler Master MasterBox MB400L Casing starts from 3,800 . The price may vary due to your customization and product availability. You can buy Cooler Master MasterBox MB400L Casing from our website or visit our showrooms nearby.</p>", "slug": "cooler-master-masterbox", "main_category": 1, "category": 6, "sub_category": 19, "section": 3}}, {"model": "Products.products", "pk": 24, "fields": {"Total_quantity": 40, "Availability": 34, "Image": "https://www.cloud.ryanscomputers.com/cdn/products/medium/value-top-mania-x5-mini-mid-tower-black-gaming-11670735573.webp", "Product_name": "Value Top MANIA X5 Mini Mid Tower Black Gaming Casing", "Price": 2250, "Discount_Price": "2137.50", "Discount": 5, "Product_information": "<ul>\r\n\t<li>Case Type - Mid Tower</li>\r\n\t<li>Lighting Fan - RGB</li>\r\n\t<li>Cooling Fan (Built-In) - 1</li>\r\n\t<li>Power Supply (Built-In) - No</li>\r\n</ul>", "Tags": "casing, price, value top", "Description": "<h2>Features of Value Top MANIA X5 Mini Casing In Bangladesh</h2>\r\n\r\n<p>Brand - Value Top, Model - Value Top MANIA X5 Mini, Series - Gaming, Case Type - Mid Tower, Supported Motherboard Type - Up to Micro-ATX, Front/Top USB port - 1 x USB 3.0, 2 x USB 2.0, Front/Top Audio Port - 1, Cooling Fan (Built-In) - 1, Pre-Installed Fan Size - 120mm, Lighting Fan - RGB, Power Supply (Built-In) - No, Transparent Side Window - Yes, Case Windowed - Tempered Glass Side Window, Number of Buttons - 2, Body Color - Black, Body Dimensions (H x W x D) - 405 x 242 x 380mm, Weight (Kg) - 2.4 Kg, Handle - No, Warranty - No Warranty, Country of Origin - China, Made in/ Assemble - China</p>\r\n\r\n<h2>What is the price of Value Top MANIA X5 Mini Casing In Bangladesh?</h2>\r\n\r\n<p>The price of Value Top MANIA X5 Mini Casing starts from 2,250 . The price may vary due to your customization and product availability. You can buy Value Top MANIA X5 Mini Casing from our website or visit our showrooms nearby.</p>", "slug": "value-top-mainia-x5-mini", "main_category": 1, "category": 6, "sub_category": 20, "section": 2}}, {"model": "Products.products", "pk": 25, "fields": {"Total_quantity": 100, "Availability": 80, "Image": "https://www.cloud.ryanscomputers.com/cdn/products/medium/xtreme-v9-atx-11624268899.webp", "Product_name": "Xtreme Micro V Series V9 Mini Tower Black Micro ATX Desktop Casing", "Price": 2550, "Discount_Price": "2295.00", "Discount": 10, "Product_information": "<ul>\r\n\t<li>Case Type - Mini tower</li>\r\n\t<li>Lighting Fan - No</li>\r\n\t<li>Optical Drive Bay - No</li>\r\n\t<li>Cooling Fan (Built-In) - 1</li>\r\n\t<li>Power Supply (Built-In) - No</li>\r\n</ul>", "Tags": "casing, price, xtreme", "Description": "<h2>Latest Xtreme V9 ATX Casing Price in Bangladesh</h2>\r\n\r\n<p>Xtreme V9 is a popular Computer case name in Bangladesh. Before buying any desktop casing you must have read the Xtreme V9 ATX Casing review. Here we will discuss the Xtreme casing all good or bad side. The Xtreme Mini Tower supported Micro ATX. 280mm is Graphics-Card Length and CPU cooler height is 165mm. Xtreme V9 ATX Casing has no built-in power supply. Power Supply Type supports ATX type. Let&rsquo;s talk about the V Series desktop casing fan &amp; radiator details. Supported Fan Size one 120mm(Back), one 120mm(Top). Xtreme V9 ATX Casing offers one USB1.0 front/top USB port, one Audio HD Front/Top audio port, no 5.25 inch drive bay, one 3.5 Inch drive bay, one 2.5 inch drive bay and four expansion slots. The Xtreme V9 ATX Casing is made with Metal. The available color in the BD market is Black. This is not a big case, it&rsquo;s size is 340 x 185 x 380mm. For your concern, the V Series Mini Tower has No warranty. Buy Xtreme V9 computer case in Bangladesh from Ryans, the current price is given upper. Ryans offers you the best price in BD for Xtreme V9. So buy the Xtreme V9 ATX Casing from any branch or online.</p>\r\n\r\n<h2>What is the price of Xtreme Micro V Series V9 Casing In Bangladesh?</h2>\r\n\r\n<p>The price of Xtreme Micro V Series V9 Casing starts from 2,550 . The price may vary due to your customization and product availability. You can buy Xtreme Micro V Series V9 Casing from our website or visit our showrooms nearby.</p>", "slug": "xtreme-micro-v-series-v9", "main_category": 1, "category": 6, "sub_category": 21, "section": 1}}, {"model": "Products.products", "pk": 26, "fields": {"Total_quantity": 50, "Availability": 40, "Image": "https://www.cloud.ryanscomputers.com/cdn/products/medium/deepcool-ice-edge-mini-fs-v20-air-cpu-cooler-11680507578.webp", "Product_name": "Deepcool ICE EDGE MINI FS V2.0 Air CPU Cooler #DP-MCH2-IEMV2", "Price": 1050, "Discount_Price": "997.50", "Discount": 5, "Product_information": "<ul>\r\n\t<li>Fan Speed - 2200 RPM</li>\r\n\t<li>LED Color - No</li>\r\n\t<li>Cooler Type - Air CPU Cooler</li>\r\n\t<li>Supported Socket - Intel - LGA1700/1200/1151/1150/1155 , AMD - AM5/AM4.</li>\r\n\t<li>Fan Size (Height) - 80mm</li>\r\n</ul>", "Tags": "CPU cooler,price, deepcool", "Description": "<h2>Features of Deepcool ICE EDGE MINI FS V2.0 CPU Cooler In Bangladesh</h2>\r\n\r\n<p>AMD AM5/AM4 Ready.<br />\r\nEquipped with multiple clips to support Intel LGA1700/1200/1151/1150/1155 and AMD AM5/AM4.<br />\r\n2 sintered metal powder heatpipes directly contacting the CPU surface for removing heat and eliminating chances of overheating.<br />\r\nSpecialized aluminum heatsink construction for efficient heat dissipation.<br />\r\nTPE fan housing designed to absorb operating vibration and reduce fan noise.</p>\r\n\r\n<h2>What is the price of Deepcool ICE EDGE MINI FS V2.0 CPU Cooler In Bangladesh?</h2>\r\n\r\n<p>The price of Deepcool ICE EDGE MINI FS V2.0 CPU Cooler starts from 1,050 . The price may vary due to your customization and product availability. You can buy Deepcool ICE EDGE MINI FS V2.0 CPU Cooler from our website or visit our showrooms nearby.</p>", "slug": "cooler-deepcool-cpu-cooler-mini-fs-cooler", "main_category": 1, "category": 7, "sub_category": 22, "section": 1}}, {"model": "Products.products", "pk": 27, "fields": {"Total_quantity": 50, "Availability": 40, "Image": "https://www.cloud.ryanscomputers.com/cdn/products/medium/value-top-vt-cl100-air-cpu-11678344348.webp", "Product_name": "Value Top VT-CL100 Air CPU Cooler", "Price": 400, "Discount_Price": "392.00", "Discount": 2, "Product_information": "<ul>\r\n\t<li>Fan Speed - 2000 RPM</li>\r\n\t<li>LED Color - No</li>\r\n\t<li>Cooler Type - Air CPU Cooler</li>\r\n\t<li>Supported Socket - INTEL LGA115X/ LGA775/ LGA 1700 and AMD AM3+/ AM3/ AM2+/ AM2/ AM4/ 940/ 939/ 754</li>\r\n\t<li>Fan Size (Height) - 80mm</li>\r\n</ul>", "Tags": "CPU cooler,price, value top", "Description": "<h2>Features of Value Top VT-CL100 CPU Cooler In Bangladesh</h2>\r\n\r\n<p>Brand - Value Top, Model - Value Top VT-CL100, Cooler Type - Air CPU Cooler, Series - VT, Bearing Type - Not Specified, Number of Fans - 1, Fan Size (Height) - 80mm, Fan Speed - 2000 RPM, Fan Noise Level - Not Specified, Fan Air Flow - Not Specified, Fan Air Pressure - Not Specified, Fan Power Connector - 3-Pin, Fan Rated Current - Not Specified, Fan Rated Voltage - Not Specified, Fan Dimensions - Not Specified, Heat Sink Material - Aluminum, Radiator Material - Not Specified, Dimension (Heat Sink/Radiator) - Not Specified, Heat Sink Weight - Not Specified, Water Block Material - Not Specified, Waterblock Dimensions - Not Specified, Heat Pipe Dimensions - Not Specified, Tube Material - Not Specified, Tube Length - Not Specified, Pump Motor Speed - Not Specified, Pump Noise Level - Not Specified, Pump Connector - Not Specified, Pump MTTF - Not Specified, Pump Rated Voltage - Not Specified, Pump Rated Current - Not Specified, Pump Power Consumption - Not Specified, Pump Dimensions - Not Specified, LED Color - No, LED Connector - Not Specified, LED Rated Voltage - Not Specified, Cooling Power - Not Specified, Power Input - Not Specified, Power Consumption - Not Specified, Started Voltage - Not Specified, Operating Voltage - Not Specified, TDP - 65W, PWM Mode - No, MTTF - Not Specified, L-10 Life - Not Specified, Supported CPU Socket Brand - Intel &amp; AMD, Supported Socket - INTEL LGA115X/ LGA775/ LGA 1700 and AMD AM3+/ AM3/ AM2+/ AM2/ AM4/ 940/ 939/ 754, Body Material - Not Specified, Body Color - White, Body Dimensions - Not Specified, Weight (Kg) - Not Specified, Feature - Not Specified, Specialty - Not Specified, Others - Universal Multisocket Color Box Packing, Part No - Not Specified, Warranty - No Warranty, Country of Origin - China, Made in/ Assemble - China</p>\r\n\r\n<h2>What is the price of Value Top VT-CL100 CPU Cooler In Bangladesh?</h2>\r\n\r\n<p>The price of Value Top VT-CL100 CPU Cooler starts from 400 . The price may vary due to your customization and product availability. You can buy Value Top VT-CL100 CPU Cooler from our website or visit our showrooms nearby.</p>", "slug": "value-top-vl-cl-100-cpucooler", "main_category": 1, "category": 7, "sub_category": 23, "section": 1}}, {"model": "Products.product_images", "pk": 1, "fields": {"product": 1, "Image_url": "https://www.cloud.ryanscomputers.com/cdn/products/medium/intel-13th-gen-raptor-lake-core-i3-13100-11673700515.webp"}}, {"model": "Products.product_images", "pk": 2, "fields": {"product": 1, "Image_url": "https://www.cloud.ryanscomputers.com/cdn/products/medium/intel-13th-gen-raptor-lake-core-i3-13100-11673700515.webp"}}, {"model": "Products.product_images", "pk": 3, "fields": {"product": 1, "Image_url": "https://www.cloud.ryanscomputers.com/cdn/products/medium/intel-13th-gen-raptor-lake-core-i3-13100-11673700515.webp"}}, {"model": "Products.product_images", "pk": 4, "fields": {"product": 2, "Image_url": "https://www.cloud.ryanscomputers.com/cdn/products/medium/intel-13th-gen-raptor-lake-core-i5-13600kf-21672813757.webp"}}, {"model": "Products.product_images", "pk": 5, "fields": {"product": 2, "Image_url": "https://www.cloud.ryanscomputers.com/cdn/products/medium/intel-13th-gen-raptor-lake-core-i5-13600kf-31672813758.webp"}}, {"model": "Products.product_images", "pk": 6, "fields": {"product": 2, "Image_url": "https://www.cloud.ryanscomputers.com/cdn/products/medium/intel-13th-gen-raptor-lake-core-i5-13600kf-41672813758.webp"}}, {"model": "Products.product_images", "pk": 7, "fields": {"product": 3, "Image_url": "https://www.cloud.ryanscomputers.com/cdn/products/medium/intel-13th-gen-raptor-lake-core-i7-13700k-11665486374.webp"}}, {"model": "Products.product_images", "pk": 8, "fields": {"product": 3, "Image_url": "https://www.cloud.ryanscomputers.com/cdn/products/medium/intel-13th-gen-raptor-lake-core-i7-13700k-41672814949.webp"}}, {"model": "Products.product_images", "pk": 9, "fields": {"product": 3, "Image_url": "https://www.cloud.ryanscomputers.com/cdn/products/medium/intel-13th-gen-raptor-lake-core-i7-13700k-11665486374.webp"}}, {"model": "Products.product_images", "pk": 13, "fields": {"product": 5, "Image_url": "https://www.cloud.ryanscomputers.com/cdn/products/medium/amd-ryzen-9-7950x-45ghz-57ghz-am5-socket-11665297314.webp"}}, {"model": "Products.product_images", "pk": 14, "fields": {"product": 5, "Image_url": "https://www.cloud.ryanscomputers.com/cdn/products/medium/single-amd-ryzen-9-3900x-38ghz-46ghz-12-core-11574247205.webp"}}, {"model": "Products.product_images", "pk": 15, "fields": {"product": 5, "Image_url": "https://www.cloud.ryanscomputers.com/cdn/products/medium/single-amd-ryzen-9-5900x-37ghz-48ghz-12-core-11605422240.webp"}}, {"model": "Products.product_images", "pk": 16, "fields": {"product": 6, "Image_url": "https://www.cloud.ryanscomputers.com/cdn/products/medium/gigabyte-z590-ud-ddr4-10th11th-gen-intel-lga1200-11615702592.webp"}}, {"model": "Products.product_images", "pk": 17, "fields": {"product": 6, "Image_url": "https://www.cloud.ryanscomputers.com/cdn/products/medium/gigabyte-z590-ud-ddr4-10th11th-gen-intel-lga1200-21615702592.webp"}}, {"model": "Products.product_images", "pk": 18, "fields": {"product": 6, "Image_url": "https://www.cloud.ryanscomputers.com/cdn/products/medium/gigabyte-z590-ud-ddr4-10th11th-gen-intel-lga1200-31615702593.webp"}}, {"model": "Products.product_images", "pk": 19, "fields": {"product": 7, "Image_url": "https://www.cloud.ryanscomputers.com/cdn/products/medium/gskill-trident-z-royal-16gb-ddr4-3200mhz-desktop-11621773936.webp"}}, {"model": "Products.product_images", "pk": 20, "fields": {"product": 7, "Image_url": "https://www.cloud.ryanscomputers.com/cdn/products/medium/gskill-trident-z-royal-16gb-ddr4-3200mhz-desktop-21621774657.webp"}}, {"model": "Products.product_images", "pk": 21, "fields": {"product": 8, "Image_url": "https://www.cloud.ryanscomputers.com/cdn/products/medium/gigabyte-ga-h81m-s2ph-ddr3-4th-genlga1150-socket-21600930908.webp"}}, {"model": "Products.product_images", "pk": 22, "fields": {"product": 8, "Image_url": "https://www.cloud.ryanscomputers.com/cdn/products/medium/gigabyte-ga-h81m-s2ph-ddr3-4th-genlga1150-socket-11600930908.webp"}}, {"model": "Products.product_images", "pk": 23, "fields": {"product": 8, "Image_url": "https://www.cloud.ryanscomputers.com/cdn/products/medium/gigabyte-ga-h81m-s2ph-ddr3-4th-genlga1150-socket-21600930908.webp"}}, {"model": "Products.product_images", "pk": 24, "fields": {"product": 9, "Image_url": "https://www.cloud.ryanscomputers.com/cdn/products/medium/msi-b450-gaming-plus-max-ddr4-amd-am4-socket-11567601319.webp"}}, {"model": "Products.product_images", "pk": 25, "fields": {"product": 9, "Image_url": "https://www.cloud.ryanscomputers.com/cdn/products/thumbnail/msi-b450-gaming-plus-max-ddr4-amd-am4-socket-21567601320.webp"}}, {"model": "Products.product_images", "pk": 26, "fields": {"product": 9, "Image_url": "https://www.cloud.ryanscomputers.com/cdn/products/thumbnail/msi-b450-gaming-plus-max-ddr4-amd-am4-socket-31567601320.webp"}}, {"model": "Products.product_images", "pk": 27, "fields": {"product": 10, "Image_url": "https://www.cloud.ryanscomputers.com/cdn/products/medium/asus-tuf-gaming-b760m-plus-d4-wi-fi-6-ddr4-11677560468.webp"}}, {"model": "Products.product_images", "pk": 28, "fields": {"product": 10, "Image_url": "https://www.cloud.ryanscomputers.com/cdn/products/medium/asus-tuf-gaming-b760m-plus-d4-wi-fi-6-ddr4-21677560468.webp"}}, {"model": "Products.product_images", "pk": 29, "fields": {"product": 10, "Image_url": "https://www.cloud.ryanscomputers.com/cdn/products/medium/asus-tuf-gaming-b760m-plus-d4-wi-fi-6-ddr4-21677560468.webp"}}, {"model": "Products.product_images", "pk": 30, "fields": {"product": 11, "Image_url": "https://www.cloud.ryanscomputers.com/cdn/products/medium/corsair-vengeance-rgb-rs-8gb-ddr4-3200mhz-black-11639800869.webp"}}, {"model": "Products.product_images", "pk": 31, "fields": {"product": 11, "Image_url": "https://www.cloud.ryanscomputers.com/cdn/products/medium/corsair-vengeance-rgb-rs-8gb-ddr4-3200mhz-black-21639800869.webp"}}, {"model": "Products.product_images", "pk": 32, "fields": {"product": 11, "Image_url": "https://www.cloud.ryanscomputers.com/cdn/products/medium/corsair-vengeance-rgb-rs-8gb-ddr4-3200mhz-black-31639800870.webp"}}, {"model": "Products.product_images", "pk": 33, "fields": {"product": 13, "Image_url": "https://www.cloud.ryanscomputers.com/cdn/products/medium/kingston-fury-beast-8gb-ddr4-3200mhz-desktop-ram-11653731212.webp"}}, {"model": "Products.product_images", "pk": 34, "fields": {"product": 13, "Image_url": "https://www.cloud.ryanscomputers.com/cdn/products/medium/kingston-fury-beast-8gb-ddr4-3200mhz-desktop-ram-11653731212.webp"}}, {"model": "Products.product_images", "pk": 35, "fields": {"product": 14, "Image_url": "https://www.cloud.ryanscomputers.com/cdn/products/medium/a-data-8gb-ddr4-2666-bus-desktop-11551617596.webp"}}, {"model": "Products.product_images", "pk": 36, "fields": {"product": 14, "Image_url": "https://www.cloud.ryanscomputers.com/cdn/products/medium/a-data-8gb-ddr4-2666-bus-desktop-11551617596.webp"}}, {"model": "Products.product_images", "pk": 37, "fields": {"product": 15, "Image_url": "https://www.cloud.ryanscomputers.com/cdn/products/medium/gigabyte-geforce-gtx-1050-ti-windforce-oc-4gb-11546337295.webp"}}, {"model": "Products.product_images", "pk": 38, "fields": {"product": 15, "Image_url": "https://www.cloud.ryanscomputers.com/cdn/products/medium/gigabyte-geforce-gtx-1050-ti-windforce-oc-4gb-21546337295.webp"}}, {"model": "Products.product_images", "pk": 39, "fields": {"product": 15, "Image_url": "https://www.cloud.ryanscomputers.com/cdn/products/medium/gigabyte-geforce-gtx-1050-ti-windforce-oc-4gb-21546337295.webp"}}, {"model": "Products.product_images", "pk": 40, "fields": {"product": 17, "Image_url": "https://www.cloud.ryanscomputers.com/cdn/products/medium/bundle-with-pc-asus-phoenix-radeon-rx-550-4gb-11599114301.webp"}}, {"model": "Products.product_images", "pk": 41, "fields": {"product": 17, "Image_url": "https://www.cloud.ryanscomputers.com/cdn/products/medium/bundle-with-pc-asus-phoenix-radeon-rx-550-4gb-21599114301.webp"}}, {"model": "Products.product_images", "pk": 42, "fields": {"product": 17, "Image_url": "https://www.cloud.ryanscomputers.com/cdn/products/thumbnail/bundle-with-pc-asus-phoenix-radeon-rx-550-4gb-31599114302.webp"}}, {"model": "Products.product_images", "pk": 43, "fields": {"product": 19, "Image_url": "https://www.cloud.ryanscomputers.com/cdn/products/medium/cooler-master-mwe-gold-550-v2-full-modular-550w-11659178375.webp"}}, {"model": "Products.product_images", "pk": 44, "fields": {"product": 19, "Image_url": "https://www.cloud.ryanscomputers.com/cdn/products/thumbnail/cooler-master-mwe-gold-550-v2-full-modular-550w-21659178375.webp"}}, {"model": "Products.product_images", "pk": 45, "fields": {"product": 19, "Image_url": "https://www.cloud.ryanscomputers.com/cdn/products/thumbnail/cooler-master-mwe-gold-550-v2-full-modular-550w-31659178375.webp"}}, {"model": "Products.product_images", "pk": 46, "fields": {"product": 20, "Image_url": "https://www.cloud.ryanscomputers.com/cdn/products/medium/antec-meta-series-v550-550w-non-modular-black-11681537454.webp"}}, {"model": "Products.product_images", "pk": 47, "fields": {"product": 20, "Image_url": "https://www.cloud.ryanscomputers.com/cdn/products/thumbnail/antec-meta-series-v550-550w-non-modular-black-11681537454.webp"}}, {"model": "Products.product_images", "pk": 48, "fields": {"product": 20, "Image_url": "https://www.cloud.ryanscomputers.com/cdn/products/thumbnail/antec-meta-series-v550-550w-non-modular-black-41681537455.webp"}}, {"model": "Products.product_images", "pk": 49, "fields": {"product": 21, "Image_url": "https://www.cloud.ryanscomputers.com/cdn/products/medium/deepcool-pk-d-series-pk550d-non-modular-550w-80-11668603765.webp"}}, {"model": "Products.product_images", "pk": 50, "fields": {"product": 21, "Image_url": "https://www.cloud.ryanscomputers.com/cdn/products/medium/deepcool-pk-d-series-pk550d-non-modular-550w-80-11668603765.webp"}}, {"model": "Products.product_images", "pk": 51, "fields": {"product": 21, "Image_url": "https://www.cloud.ryanscomputers.com/cdn/products/medium/deepcool-pk-d-series-pk550d-non-modular-550w-80-11668603765.webp"}}, {"model": "Products.product_images", "pk": 52, "fields": {"product": 22, "Image_url": "https://www.cloud.ryanscomputers.com/cdn/products/medium/corsair-rm-series-rm650-650w-atx-fully-moduler-11643184574.webp"}}, {"model": "Products.product_images", "pk": 53, "fields": {"product": 22, "Image_url": "https://www.cloud.ryanscomputers.com/cdn/products/thumbnail/corsair-rm-series-rm650-650w-atx-fully-moduler-21643184574.webp"}}, {"model": "Products.product_images", "pk": 54, "fields": {"product": 22, "Image_url": "https://www.cloud.ryanscomputers.com/cdn/products/thumbnail/corsair-rm-series-rm650-650w-atx-fully-moduler-41643184576.webp"}}, {"model": "Products.product_images", "pk": 55, "fields": {"product": 23, "Image_url": "https://www.cloud.ryanscomputers.com/cdn/products/medium/cooler-master-masterbox-mb400l-mini-tower-11603868179.webp"}}, {"model": "Products.product_images", "pk": 56, "fields": {"product": 23, "Image_url": "https://www.cloud.ryanscomputers.com/cdn/products/thumbnail/cooler-master-masterbox-mb400l-mini-tower-31603868180.webp"}}, {"model": "Products.product_images", "pk": 57, "fields": {"product": 23, "Image_url": "https://www.cloud.ryanscomputers.com/cdn/products/thumbnail/cooler-master-masterbox-mb400l-mini-tower-21603868180.webp"}}, {"model": "Products.product_images", "pk": 58, "fields": {"product": 24, "Image_url": "https://www.cloud.ryanscomputers.com/cdn/products/medium/value-top-mania-x5-mini-mid-tower-black-gaming-11670735573.webp"}}, {"model": "Products.product_images", "pk": 59, "fields": {"product": 24, "Image_url": "https://www.cloud.ryanscomputers.com/cdn/products/thumbnail/value-top-mania-x5-mini-mid-tower-black-gaming-21670735573.webp"}}, {"model": "Products.product_images", "pk": 60, "fields": {"product": 24, "Image_url": "https://www.cloud.ryanscomputers.com/cdn/products/medium/value-top-mania-x5-mini-mid-tower-black-gaming-11670735573.webp"}}, {"model": "Products.product_images", "pk": 61, "fields": {"product": 25, "Image_url": "https://www.cloud.ryanscomputers.com/cdn/products/medium/value-top-mania-x5-mini-mid-tower-black-gaming-11670735573.webp"}}, {"model": "Products.product_images", "pk": 62, "fields": {"product": 25, "Image_url": "https://www.cloud.ryanscomputers.com/cdn/products/thumbnail/value-top-mania-x5-mini-mid-tower-black-gaming-21670735573.webp"}}, {"model": "Products.product_images", "pk": 63, "fields": {"product": 25, "Image_url": "https://www.cloud.ryanscomputers.com/cdn/products/medium/value-top-mania-x5-mini-mid-tower-black-gaming-11670735573.webp"}}, {"model": "Products.product_images", "pk": 64, "fields": {"product": 26, "Image_url": "https://www.cloud.ryanscomputers.com/cdn/products/medium/deepcool-ice-edge-mini-fs-v20-air-cpu-cooler-11680507578.webp"}}, {"model": "Products.product_images", "pk": 65, "fields": {"product": 26, "Image_url": "https://www.cloud.ryanscomputers.com/cdn/products/medium/deepcool-ice-edge-mini-fs-v20-air-cpu-cooler-11680507578.webp"}}, {"model": "Products.product_images", "pk": 66, "fields": {"product": 27, "Image_url": "https://www.cloud.ryanscomputers.com/cdn/products/medium/value-top-vt-cl100-air-cpu-11678344348.webp"}}, {"model": "Products.additional_information", "pk": 1, "fields": {"product": 1, "Specification": "Brand", "detail": "Intel"}}, {"model": "Products.additional_information", "pk": 2, "fields": {"product": 1, "Specification": "Model", "detail": "Intel Core i3 13100"}}, {"model": "Products.additional_information", "pk": 3, "fields": {"product": 1, "Specification": "Generation", "detail": "13th"}}, {"model": "Products.additional_information", "pk": 4, "fields": {"product": 1, "Specification": "Base Frequency", "detail": "3.40GHz"}}, {"model": "Products.additional_information", "pk": 5, "fields": {"product": 1, "Specification": "Core", "detail": "4"}}, {"model": "Products.additional_information", "pk": 6, "fields": {"product": 1, "Specification": "Threads", "detail": "8"}}, {"model": "Products.additional_information", "pk": 7, "fields": {"product": 1, "Specification": "Warranty Details", "detail": "3 Year (No Warranty for Fan or Cooler)"}}, {"model": "Products.additional_information", "pk": 8, "fields": {"product": 2, "Specification": "Brand", "detail": "Intel"}}, {"model": "Products.additional_information", "pk": 9, "fields": {"product": 2, "Specification": "Model", "detail": "Intel Core i5 13600KF"}}, {"model": "Products.additional_information", "pk": 10, "fields": {"product": 2, "Specification": "Generation", "detail": "13th"}}, {"model": "Products.additional_information", "pk": 11, "fields": {"product": 2, "Specification": "Processor Type.", "detail": "Core i5"}}, {"model": "Products.additional_information", "pk": 12, "fields": {"product": 2, "Specification": "Base Frequency", "detail": "3.50GHz"}}, {"model": "Products.additional_information", "pk": 13, "fields": {"product": 2, "Specification": "Core", "detail": "14"}}, {"model": "Products.additional_information", "pk": 14, "fields": {"product": 2, "Specification": "Threads", "detail": "20"}}, {"model": "Products.additional_information", "pk": 15, "fields": {"product": 2, "Specification": "Warranty", "detail": "3 Year"}}, {"model": "Products.additional_information", "pk": 16, "fields": {"product": 3, "Specification": "Brand", "detail": "Intel"}}, {"model": "Products.additional_information", "pk": 17, "fields": {"product": 3, "Specification": "Model", "detail": "Intel Core i7 13700K"}}, {"model": "Products.additional_information", "pk": 18, "fields": {"product": 3, "Specification": "Generation", "detail": "13th"}}, {"model": "Products.additional_information", "pk": 19, "fields": {"product": 3, "Specification": "Processor Type.", "detail": "Core i7"}}, {"model": "Products.additional_information", "pk": 20, "fields": {"product": 3, "Specification": "Base Frequency", "detail": "3.40GHz"}}, {"model": "Products.additional_information", "pk": 21, "fields": {"product": 3, "Specification": "Core", "detail": "16"}}, {"model": "Products.additional_information", "pk": 22, "fields": {"product": 3, "Specification": "Threads", "detail": "24"}}, {"model": "Products.additional_information", "pk": 23, "fields": {"product": 3, "Specification": "Warranty", "detail": "3 Year"}}, {"model": "Products.additional_information", "pk": 32, "fields": {"product": 5, "Specification": "Brand", "detail": "AMD"}}, {"model": "Products.additional_information", "pk": 33, "fields": {"product": 5, "Specification": "Model", "detail": "Amd Ryzen 9 7950X"}}, {"model": "Products.additional_information", "pk": 34, "fields": {"product": 5, "Specification": "Generation", "detail": "Not Applicable"}}, {"model": "Products.additional_information", "pk": 35, "fields": {"product": 5, "Specification": "Processor Type.", "detail": "Ryzen 9"}}, {"model": "Products.additional_information", "pk": 36, "fields": {"product": 5, "Specification": "Base Frequency", "detail": "4.50GHz"}}, {"model": "Products.additional_information", "pk": 37, "fields": {"product": 5, "Specification": "Core", "detail": "16"}}, {"model": "Products.additional_information", "pk": 38, "fields": {"product": 5, "Specification": "Threads", "detail": "32"}}, {"model": "Products.additional_information", "pk": 39, "fields": {"product": 5, "Specification": "Warranty", "detail": "3 Year"}}, {"model": "Products.additional_information", "pk": 40, "fields": {"product": 6, "Specification": "Brand", "detail": "Gigabyte"}}, {"model": "Products.additional_information", "pk": 41, "fields": {"product": 6, "Specification": "Model", "detail": "Gigabyte Z590 UD"}}, {"model": "Products.additional_information", "pk": 42, "fields": {"product": 6, "Specification": "Chipset Brand", "detail": "Intel"}}, {"model": "Products.additional_information", "pk": 43, "fields": {"product": 6, "Specification": "Generation", "detail": "10th/11th"}}, {"model": "Products.additional_information", "pk": 44, "fields": {"product": 6, "Specification": "Memory Slot", "detail": "4"}}, {"model": "Products.additional_information", "pk": 45, "fields": {"product": 6, "Specification": "M.2/SSD Expansion Slot", "detail": "3"}}, {"model": "Products.additional_information", "pk": 46, "fields": {"product": 6, "Specification": "Warranty Details", "detail": "3 year"}}, {"model": "Products.additional_information", "pk": 47, "fields": {"product": 7, "Specification": "Brand", "detail": "G.Skill"}}, {"model": "Products.additional_information", "pk": 48, "fields": {"product": 7, "Specification": "Model", "detail": "G.Skill Trident Z Royal"}}, {"model": "Products.additional_information", "pk": 49, "fields": {"product": 7, "Specification": "Series", "detail": "Trident Z"}}, {"model": "Products.additional_information", "pk": 50, "fields": {"product": 7, "Specification": "Capacity (GB/TB)", "detail": "16GB"}}, {"model": "Products.additional_information", "pk": 51, "fields": {"product": 7, "Specification": "RAM Type", "detail": "DDR4"}}, {"model": "Products.additional_information", "pk": 52, "fields": {"product": 7, "Specification": "Warranty", "detail": "Product Lifetime"}}, {"model": "Products.additional_information", "pk": 53, "fields": {"product": 8, "Specification": "Brand", "detail": "Gigabyte"}}, {"model": "Products.additional_information", "pk": 54, "fields": {"product": 8, "Specification": "Model", "detail": "Gigabyte GA-H81M-S2PH"}}, {"model": "Products.additional_information", "pk": 55, "fields": {"product": 8, "Specification": "Chipset Brand", "detail": "Intel"}}, {"model": "Products.additional_information", "pk": 56, "fields": {"product": 8, "Specification": "Sockets Supported", "detail": "LGA1150"}}, {"model": "Products.additional_information", "pk": 57, "fields": {"product": 9, "Specification": "Brand", "detail": "MSI"}}, {"model": "Products.additional_information", "pk": 58, "fields": {"product": 9, "Specification": "Model", "detail": "MSI B450 Gaming Plus MAX"}}, {"model": "Products.additional_information", "pk": 59, "fields": {"product": 9, "Specification": "Chipset", "detail": "AMD B450"}}, {"model": "Products.additional_information", "pk": 60, "fields": {"product": 9, "Specification": "Sockets Supported", "detail": "AM4"}}, {"model": "Products.additional_information", "pk": 61, "fields": {"product": 10, "Specification": "Brand", "detail": "Asus"}}, {"model": "Products.additional_information", "pk": 62, "fields": {"product": 10, "Specification": "Model", "detail": "Asus TUF GAMING B760M-PLUS D4 (Wi-Fi 6)"}}, {"model": "Products.additional_information", "pk": 63, "fields": {"product": 10, "Specification": "Chipset", "detail": "Intel B760"}}, {"model": "Products.additional_information", "pk": 64, "fields": {"product": 10, "Specification": "Sockets Supported", "detail": "LGA1700"}}, {"model": "Products.additional_information", "pk": 65, "fields": {"product": 11, "Specification": "Brand", "detail": "Corsair"}}, {"model": "Products.additional_information", "pk": 66, "fields": {"product": 11, "Specification": "Model", "detail": "Corsair Vengeance RGB RS"}}, {"model": "Products.additional_information", "pk": 67, "fields": {"product": 11, "Specification": "Series", "detail": "Vengeance"}}, {"model": "Products.additional_information", "pk": 68, "fields": {"product": 11, "Specification": "RAM Type", "detail": "DDR4"}}, {"model": "Products.additional_information", "pk": 69, "fields": {"product": 11, "Specification": "Capacity (GB/TB)", "detail": "8GB"}}, {"model": "Products.additional_information", "pk": 70, "fields": {"product": 13, "Specification": "Brand", "detail": "Kingston"}}, {"model": "Products.additional_information", "pk": 71, "fields": {"product": 13, "Specification": "Model", "detail": "Kingston FURY Beast 8GB"}}, {"model": "Products.additional_information", "pk": 72, "fields": {"product": 13, "Specification": "Capacity (GB/TB)", "detail": "8GB"}}, {"model": "Products.additional_information", "pk": 73, "fields": {"product": 14, "Specification": "Brand", "detail": "A DATA"}}, {"model": "Products.additional_information", "pk": 74, "fields": {"product": 14, "Specification": "Model", "detail": "Adata Premier 8GB"}}, {"model": "Products.additional_information", "pk": 75, "fields": {"product": 14, "Specification": "Capacity (GB/TB)", "detail": "8GB"}}, {"model": "Products.additional_information", "pk": 76, "fields": {"product": 14, "Specification": "RAM Type", "detail": "DDR4"}}, {"model": "Products.additional_information", "pk": 77, "fields": {"product": 15, "Specification": "Brand", "detail": "Gigabyte"}}, {"model": "Products.additional_information", "pk": 78, "fields": {"product": 15, "Specification": "Model", "detail": "Gigabyte GeForce GTX 1050 Ti GV-N105TWF2OC-4GD"}}, {"model": "Products.additional_information", "pk": 79, "fields": {"product": 15, "Specification": "Part No", "detail": "GV-N105TWF2OC-4GD"}}, {"model": "Products.additional_information", "pk": 80, "fields": {"product": 16, "Specification": "Brand", "detail": "MSI"}}, {"model": "Products.additional_information", "pk": 81, "fields": {"product": 16, "Specification": "Model", "detail": "MSI GeForce GT 1030 AERO ITX 2GD4 OC"}}, {"model": "Products.additional_information", "pk": 82, "fields": {"product": 16, "Specification": "Chipset", "detail": "NVIDIA GeForce"}}, {"model": "Products.additional_information", "pk": 83, "fields": {"product": 16, "Specification": "CUDA Core / Stream Processors 384 Engine Clock 1430 MHz(Boost ) Base Engine Clock Speed 1189 MHz Bo", "detail": "2GB"}}, {"model": "Products.additional_information", "pk": 84, "fields": {"product": 17, "Specification": "Brand", "detail": "Asus"}}, {"model": "Products.additional_information", "pk": 85, "fields": {"product": 17, "Specification": "Model", "detail": "Asus Phoenix Radeon RX 550"}}, {"model": "Products.additional_information", "pk": 86, "fields": {"product": 17, "Specification": "Chipset", "detail": "AMD Radeon"}}, {"model": "Products.additional_information", "pk": 87, "fields": {"product": 17, "Specification": "CUDA Core / Stream Processors", "detail": "512 (Stream)"}}, {"model": "Products.additional_information", "pk": 88, "fields": {"product": 18, "Specification": "Brand", "detail": "Zotac"}}, {"model": "Products.additional_information", "pk": 89, "fields": {"product": 18, "Specification": "Model", "detail": "Zotac Gaming GeForce RTX 3060"}}, {"model": "Products.additional_information", "pk": 90, "fields": {"product": 18, "Specification": "Chipset", "detail": "NVIDIA GeForce"}}, {"model": "Products.additional_information", "pk": 91, "fields": {"product": 19, "Specification": "Brand", "detail": "Cooler master"}}, {"model": "Products.additional_information", "pk": 92, "fields": {"product": 19, "Specification": "Model", "detail": "Cooler Master MWE Gold 550 V2"}}, {"model": "Products.additional_information", "pk": 93, "fields": {"product": 19, "Specification": "Series", "detail": "MWE Gold Series"}}, {"model": "Products.additional_information", "pk": 94, "fields": {"product": 20, "Specification": "Brand", "detail": "antec"}}, {"model": "Products.additional_information", "pk": 95, "fields": {"product": 20, "Specification": "Model", "detail": "Antec META Series V550"}}, {"model": "Products.additional_information", "pk": 96, "fields": {"product": 20, "Specification": "Series", "detail": "Meta"}}, {"model": "Products.additional_information", "pk": 97, "fields": {"product": 21, "Specification": "Brand", "detail": "Deepcooler"}}, {"model": "Products.additional_information", "pk": 98, "fields": {"product": 21, "Specification": "Model", "detail": "Deepcool PK-D Series PK550D"}}, {"model": "Products.additional_information", "pk": 99, "fields": {"product": 21, "Specification": "Series", "detail": "PK-D Series"}}, {"model": "Products.additional_information", "pk": 100, "fields": {"product": 22, "Specification": "Brand", "detail": "Corsair"}}, {"model": "Products.additional_information", "pk": 101, "fields": {"product": 22, "Specification": "Model", "detail": "Corsair RM Series RM650"}}, {"model": "Products.additional_information", "pk": 102, "fields": {"product": 22, "Specification": "Series", "detail": "RM Series"}}, {"model": "Products.additional_information", "pk": 103, "fields": {"product": 22, "Specification": "PSU Category", "detail": "Full Modular"}}, {"model": "Products.additional_information", "pk": 104, "fields": {"product": 23, "Specification": "Brand", "detail": "Cooler Master"}}, {"model": "Products.additional_information", "pk": 105, "fields": {"product": 23, "Specification": "Model", "detail": "Cooler Master MasterBox MB400L"}}, {"model": "Products.additional_information", "pk": 106, "fields": {"product": 23, "Specification": "Series", "detail": "MasterBox Series"}}, {"model": "Products.additional_information", "pk": 107, "fields": {"product": 24, "Specification": "Brand", "detail": "Value Top"}}, {"model": "Products.additional_information", "pk": 108, "fields": {"product": 24, "Specification": "Model", "detail": "Value Top MANIA X5 Mini"}}, {"model": "Products.additional_information", "pk": 109, "fields": {"product": 24, "Specification": "Series", "detail": "Gaming"}}, {"model": "Products.additional_information", "pk": 110, "fields": {"product": 25, "Specification": "Brand", "detail": "Value top"}}, {"model": "Products.additional_information", "pk": 111, "fields": {"product": 25, "Specification": "Model", "detail": "Xtreme Micro V Series V9"}}, {"model": "Products.additional_information", "pk": 112, "fields": {"product": 25, "Specification": "Series", "detail": "Micro V Series"}}, {"model": "Products.additional_information", "pk": 113, "fields": {"product": 26, "Specification": "Brand", "detail": "Deepcool"}}, {"model": "Products.additional_information", "pk": 114, "fields": {"product": 26, "Specification": "Model", "detail": "Deepcool ICE EDGE MINI FS V2.0"}}, {"model": "Products.additional_information", "pk": 115, "fields": {"product": 26, "Specification": "Series", "detail": "ICE EDGE"}}, {"model": "Products.additional_information", "pk": 116, "fields": {"product": 27, "Specification": "Brand", "detail": "Value Top"}}, {"model": "Products.additional_information", "pk": 117, "fields": {"product": 27, "Specification": "Model", "detail": "Value Top VT-CL100"}}, {"model": "Products.additional_information", "pk": 118, "fields": {"product": 27, "Specification": "Series", "detail": "VT"}}]